AraraClayton,AntonioPulcherio,Cascalho,Adriano1,Moschen1,Daniel,Cecilia1,Arthur2,Arthur,Cecilia2,Eliane,Eliane2,CorreVento,Adriano2,FlavioCoelho,Gabriel,Fernanda,AleaJactaEst,FlavioCCoelho,Adriano3,Gabrielp
445.0,411.0,429.0,420.0,416.0,429.0,414.0,416.0,419.0,423.0,436.0,410.0,426.0,423.0,433.0,433.0,407.0,417.0,416.0,411.0,442.0
403.0,392.0,403.0,421.0,397.0,412.0,402.0,388.0,392.0,398.0,411.0,368.0,403.0,422.0,411.0,404.0,379.0,390.0,374.0,406.0,410.0
426.0,420.0,436.0,442.0,413.0,448.0,434.0,421.0,422.0,421.0,428.0,374.0,424.0,447.0,429.0,418.0,423.0,406.0,381.0,437.0,418.0
447.0,444.0,464.0,473.0,452.0,461.0,453.0,457.0,449.0,441.0,432.0,372.0,449.0,480.0,438.0,427.0,447.0,402.0,382.0,458.0,424.0
427.0,424.0,457.0,469.0,425.0,446.0,437.0,447.0,441.0,430.0,408.0,336.0,435.0,459.0,416.0,408.0,440.0,373.0,337.0,450.0,405.0
404.0,405.0,431.0,457.0,418.0,423.0,414.0,428.0,431.0,407.0,386.0,297.0,413.0,449.0,394.0,389.0,417.0,337.0,298.0,427.0,383.0
387.0,392.0,418.0,439.0,388.0,412.0,398.0,424.0,422.0,396.0,368.0,258.0,395.0,428.0,375.0,369.0,407.0,308.0,262.0,411.0,363.0
367.0,375.0,394.0,425.0,390.0,376.0,375.0,414.0,404.0,382.0,345.0,225.0,378.0,418.0,353.0,359.0,387.0,277.0,220.0,391.0,347.0
400.0,408.0,418.0,447.0,400.0,411.0,392.0,445.0,439.0,405.0,359.0,229.0,410.0,437.0,374.0,383.0,404.0,287.0,221.0,420.0,377.0
415.0,443.0,438.0,474.0,430.0,431.0,411.0,465.0,465.0,426.0,370.0,230.0,431.0,464.0,380.0,398.0,420.0,294.0,216.0,437.0,392.0
437.0,473.0,468.0,493.0,443.0,462.0,424.0,505.0,502.0,459.0,382.0,234.0,458.0,480.0,395.0,413.0,443.0,303.0,214.0,469.0,413.0
452.0,503.0,492.0,510.0,476.0,476.0,431.0,522.0,529.0,482.0,396.0,229.0,475.0,510.0,410.0,428.0,463.0,309.0,215.0,495.0,431.0
439.0,495.0,480.0,488.0,455.0,465.0,404.0,513.0,521.0,462.0,370.0,196.0,467.0,482.0,391.0,412.0,450.0,288.0,176.0,485.0,415.0
421.0,486.0,461.0,480.0,448.0,438.0,377.0,499.0,506.0,436.0,344.0,160.0,450.0,466.0,366.0,381.0,421.0,264.0,131.0,468.0,387.0
414.0,472.0,450.0,455.0,427.0,429.0,356.0,486.0,495.0,422.0,321.0,124.0,441.0,438.0,347.0,365.0,405.0,242.0,95.0,449.0,377.0
401.0,462.0,437.0,444.0,420.0,390.0,326.0,470.0,488.0,405.0,297.0,88.0,426.0,422.0,319.0,340.0,376.0,214.0,53.0,429.0,361.0
435.0,484.0,469.0,459.0,430.0,415.0,345.0,505.0,514.0,431.0,322.0,92.0,446.0,449.0,337.0,360.0,400.0,222.0,57.0,460.0,378.0
462.0,517.0,494.0,485.0,466.0,440.0,352.0,528.0,539.0,460.0,341.0,87.0,469.0,458.0,352.0,380.0,417.0,234.0,55.0,486.0,404.0
492.0,547.0,522.0,503.0,479.0,469.0,371.0,549.0,572.0,483.0,357.0,91.0,495.0,494.0,373.0,406.0,438.0,246.0,53.0,507.0,427.0
480.0,534.0,512.0,483.0,481.0,452.0,344.0,539.0,554.0,457.0,328.0,55.0,480.0,460.0,348.0,383.0,421.0,213.0,11.0,494.0,407.0
466.0,528.0,502.0,462.0,454.0,442.0,323.0,518.0,545.0,440.0,308.0,16.0,465.0,459.0,323.0,369.0,408.0,177.0,-25.0,476.0,384.0
488.0,560.0,528.0,481.0,493.0,452.0,330.0,539.0,570.0,454.0,322.0,15.0,480.0,472.0,332.0,386.0,432.0,179.0,0.0,495.0,401.0
475.0,538.0,511.0,474.0,472.0,434.0,302.0,517.0,559.0,439.0,307.0,-24.0,464.0,458.0,306.0,365.0,412.0,151.0,0.0,480.0,383.0
466.0,519.0,496.0,451.0,478.0,404.0,285.0,504.0,548.0,433.0,291.0,0.0,443.0,436.0,288.0,349.0,397.0,120.0,0.0,470.0,361.0
449.0,493.0,470.0,440.0,457.0,384.0,259.0,495.0,530.0,418.0,272.0,0.0,424.0,424.0,261.0,324.0,385.0,92.0,0.0,459.0,345.0
469.0,523.0,491.0,465.0,493.0,396.0,260.0,519.0,553.0,433.0,283.0,0.0,439.0,428.0,273.0,341.0,394.0,94.0,0.0,473.0,362.0
495.0,541.0,510.0,478.0,508.0,424.0,272.0,538.0,583.0,451.0,300.0,0.0,450.0,455.0,291.0,355.0,417.0,95.0,0.0,493.0,379.0
523.0,562.0,535.0,497.0,544.0,436.0,285.0,559.0,603.0,469.0,311.0,0.0,465.0,462.0,303.0,363.0,434.0,98.0,0.0,513.0,381.0
547.0,584.0,560.0,520.0,565.0,439.0,303.0,586.0,626.0,484.0,328.0,0.0,480.0,483.0,324.0,374.0,456.0,103.0,0.0,542.0,389.0
573.0,604.0,575.0,527.0,607.0,455.0,307.0,611.0,652.0,505.0,342.0,0.0,497.0,487.0,342.0,388.0,481.0,104.0,0.0,559.0,403.0
598.0,635.0,585.0,547.0,619.0,474.0,319.0,630.0,674.0,520.0,359.0,0.0,509.0,511.0,360.0,393.0,497.0,107.0,0.0,576.0,408.0
589.0,617.0,566.0,515.0,619.0,456.0,299.0,613.0,661.0,496.0,337.0,0.0,485.0,502.0,330.0,362.0,478.0,74.0,0.0,554.0,380.0
614.0,640.0,579.0,534.0,637.0,480.0,312.0,641.0,679.0,520.0,360.0,0.0,502.0,515.0,348.0,373.0,504.0,85.0,0.0,577.0,391.0
598.0,624.0,559.0,511.0,628.0,460.0,292.0,626.0,663.0,505.0,338.0,0.0,477.0,503.0,321.0,342.0,482.0,50.0,0.0,561.0,363.0
595.0,616.0,547.0,485.0,607.0,427.0,275.0,628.0,656.0,496.0,322.0,0.0,464.0,481.0,306.0,323.0,469.0,21.0,0.0,548.0,341.0
614.0,637.0,556.0,501.0,634.0,440.0,288.0,650.0,672.0,511.0,336.0,0.0,475.0,499.0,315.0,325.0,483.0,20.0,0.0,565.0,340.0
636.0,659.0,575.0,526.0,655.0,461.0,301.0,672.0,701.0,532.0,344.0,0.0,493.0,506.0,333.0,336.0,506.0,29.0,0.0,591.0,351.0
621.0,638.0,551.0,497.0,649.0,440.0,278.0,660.0,683.0,511.0,319.0,0.0,474.0,500.0,306.0,308.0,493.0,-8.0,0.0,572.0,317.0
606.0,617.0,532.0,482.0,634.0,424.0,257.0,644.0,674.0,493.0,308.0,0.0,456.0,479.0,284.0,286.0,479.0,0.0,0.0,553.0,295.0
622.0,631.0,547.0,504.0,667.0,425.0,269.0,661.0,695.0,506.0,319.0,0.0,470.0,500.0,299.0,295.0,490.0,0.0,0.0,573.0,304.0
647.0,647.0,560.0,511.0,686.0,449.0,279.0,682.0,721.0,531.0,339.0,0.0,483.0,527.0,311.0,301.0,507.0,0.0,0.0,584.0,310.0
664.0,677.0,573.0,537.0,716.0,467.0,280.0,699.0,735.0,550.0,350.0,0.0,496.0,531.0,320.0,304.0,529.0,0.0,0.0,595.0,316.0
680.0,691.0,590.0,557.0,735.0,482.0,284.0,714.0,753.0,566.0,365.0,0.0,512.0,555.0,329.0,310.0,548.0,0.0,0.0,612.0,322.0
693.0,709.0,612.0,573.0,774.0,500.0,294.0,734.0,769.0,594.0,374.0,0.0,521.0,559.0,338.0,316.0,567.0,0.0,0.0,632.0,328.0
680.0,682.0,592.0,559.0,753.0,478.0,273.0,720.0,750.0,582.0,357.0,0.0,510.0,546.0,316.0,285.0,549.0,0.0,0.0,614.0,297.0
666.0,666.0,571.0,537.0,749.0,460.0,246.0,710.0,740.0,564.0,334.0,0.0,485.0,527.0,294.0,254.0,537.0,0.0,0.0,600.0,263.0
653.0,652.0,559.0,526.0,731.0,424.0,219.0,702.0,721.0,549.0,320.0,0.0,466.0,514.0,281.0,226.0,522.0,0.0,0.0,589.0,235.0
637.0,632.0,543.0,509.0,733.0,406.0,192.0,686.0,704.0,528.0,297.0,0.0,452.0,492.0,250.0,189.0,501.0,0.0,0.0,568.0,198.0
658.0,635.0,568.0,515.0,752.0,422.0,206.0,708.0,717.0,548.0,314.0,0.0,468.0,516.0,265.0,189.0,526.0,0.0,0.0,585.0,201.0
678.0,653.0,586.0,538.0,785.0,435.0,210.0,727.0,741.0,567.0,327.0,0.0,476.0,519.0,271.0,189.0,539.0,0.0,0.0,590.0,204.0
704.0,672.0,607.0,547.0,798.0,451.0,226.0,749.0,761.0,583.0,343.0,0.0,485.0,549.0,283.0,192.0,561.0,0.0,0.0,607.0,207.0
695.0,658.0,593.0,536.0,800.0,418.0,199.0,737.0,750.0,565.0,322.0,0.0,468.0,525.0,267.0,158.0,543.0,0.0,0.0,589.0,176.0
690.0,642.0,578.0,517.0,788.0,400.0,175.0,721.0,736.0,547.0,307.0,0.0,450.0,518.0,245.0,124.0,525.0,0.0,0.0,568.0,142.0
677.0,616.0,556.0,503.0,787.0,382.0,151.0,706.0,720.0,535.0,289.0,0.0,433.0,496.0,217.0,87.0,507.0,0.0,0.0,550.0,111.0
697.0,638.0,570.0,515.0,800.0,404.0,158.0,717.0,739.0,554.0,305.0,0.0,454.0,526.0,235.0,87.0,532.0,0.0,0.0,566.0,114.0
721.0,659.0,583.0,538.0,842.0,402.0,168.0,743.0,765.0,576.0,318.0,0.0,471.0,536.0,241.0,93.0,545.0,0.0,0.0,585.0,117.0
718.0,645.0,566.0,516.0,824.0,387.0,147.0,726.0,747.0,561.0,303.0,0.0,452.0,532.0,219.0,62.0,527.0,0.0,0.0,564.0,89.0
706.0,623.0,545.0,505.0,820.0,375.0,123.0,710.0,729.0,546.0,285.0,0.0,434.0,510.0,200.0,28.0,512.0,0.0,0.0,543.0,55.0
696.0,607.0,522.0,500.0,799.0,357.0,102.0,690.0,719.0,528.0,267.0,0.0,419.0,497.0,178.0,-6.0,491.0,0.0,0.0,522.0,21.0
687.0,593.0,503.0,474.0,791.0,341.0,81.0,676.0,699.0,515.0,251.0,0.0,401.0,477.0,155.0,0.0,482.0,0.0,0.0,507.0,-16.0
674.0,573.0,487.0,463.0,761.0,308.0,62.0,659.0,690.0,498.0,237.0,0.0,387.0,465.0,143.0,0.0,466.0,0.0,0.0,486.0,0.0
690.0,582.0,498.0,472.0,782.0,320.0,72.0,674.0,712.0,517.0,250.0,0.0,397.0,471.0,155.0,0.0,480.0,0.0,0.0,501.0,0.0
678.0,561.0,479.0,461.0,752.0,301.0,55.0,654.0,696.0,506.0,230.0,0.0,386.0,456.0,137.0,0.0,461.0,0.0,0.0,474.0,0.0
669.0,538.0,459.0,450.0,743.0,284.0,39.0,645.0,677.0,495.0,210.0,0.0,372.0,420.0,113.0,0.0,439.0,0.0,0.0,450.0,0.0
654.0,520.0,441.0,436.0,716.0,267.0,19.0,628.0,658.0,478.0,190.0,0.0,354.0,402.0,98.0,0.0,426.0,0.0,0.0,426.0,0.0
640.0,501.0,423.0,412.0,704.0,246.0,-2.0,616.0,629.0,458.0,164.0,0.0,333.0,393.0,80.0,0.0,410.0,0.0,0.0,402.0,0.0
629.0,488.0,409.0,403.0,674.0,237.0,0.0,601.0,615.0,444.0,149.0,0.0,322.0,368.0,67.0,0.0,399.0,0.0,0.0,386.0,0.0
615.0,468.0,391.0,379.0,664.0,219.0,0.0,578.0,595.0,430.0,131.0,0.0,304.0,352.0,48.0,0.0,379.0,0.0,0.0,364.0,0.0
629.0,490.0,401.0,392.0,671.0,238.0,0.0,590.0,618.0,453.0,147.0,0.0,317.0,352.0,60.0,0.0,396.0,0.0,0.0,373.0,0.0
617.0,469.0,383.0,371.0,652.0,217.0,0.0,566.0,603.0,436.0,126.0,0.0,303.0,336.0,41.0,0.0,373.0,0.0,0.0,342.0,0.0
612.0,452.0,380.0,349.0,631.0,187.0,0.0,552.0,590.0,419.0,114.0,0.0,294.0,326.0,25.0,0.0,362.0,0.0,0.0,326.0,0.0
600.0,432.0,370.0,340.0,624.0,172.0,0.0,538.0,571.0,405.0,93.0,0.0,277.0,295.0,9.0,0.0,342.0,0.0,0.0,301.0,0.0
609.0,442.0,378.0,353.0,628.0,185.0,0.0,552.0,585.0,419.0,100.0,0.0,293.0,313.0,15.0,0.0,359.0,0.0,0.0,310.0,0.0
625.0,452.0,387.0,366.0,652.0,198.0,0.0,564.0,598.0,439.0,110.0,0.0,303.0,316.0,30.0,0.0,367.0,0.0,0.0,322.0,0.0
645.0,463.0,396.0,382.0,653.0,211.0,0.0,582.0,613.0,447.0,123.0,0.0,311.0,334.0,39.0,0.0,378.0,0.0,0.0,328.0,0.0
623.0,446.0,380.0,371.0,640.0,172.0,0.0,571.0,597.0,439.0,108.0,0.0,296.0,318.0,20.0,0.0,363.0,0.0,0.0,315.0,0.0
636.0,455.0,399.0,380.0,653.0,194.0,0.0,589.0,614.0,456.0,121.0,0.0,315.0,324.0,35.0,0.0,380.0,0.0,0.0,336.0,0.0
622.0,431.0,377.0,369.0,643.0,176.0,0.0,567.0,598.0,442.0,100.0,0.0,295.0,311.0,22.0,0.0,362.0,0.0,0.0,308.0,0.0
610.0,424.0,366.0,355.0,619.0,155.0,0.0,555.0,590.0,426.0,88.0,0.0,287.0,289.0,6.0,0.0,341.0,0.0,0.0,280.0,0.0
593.0,399.0,349.0,330.0,615.0,146.0,0.0,538.0,581.0,396.0,67.0,0.0,265.0,282.0,-10.0,0.0,326.0,0.0,0.0,258.0,0.0
607.0,422.0,358.0,346.0,623.0,153.0,0.0,551.0,593.0,410.0,80.0,0.0,280.0,285.0,0.0,0.0,337.0,0.0,0.0,270.0,0.0
626.0,437.0,370.0,367.0,638.0,152.0,0.0,566.0,599.0,421.0,87.0,0.0,294.0,297.0,0.0,0.0,345.0,0.0,0.0,282.0,0.0
619.0,424.0,352.0,350.0,611.0,141.0,0.0,558.0,592.0,406.0,77.0,0.0,282.0,283.0,0.0,0.0,333.0,0.0,0.0,259.0,0.0
608.0,405.0,331.0,342.0,603.0,124.0,0.0,544.0,583.0,394.0,61.0,0.0,264.0,260.0,0.0,0.0,309.0,0.0,0.0,233.0,0.0
630.0,418.0,348.0,354.0,611.0,139.0,0.0,563.0,602.0,411.0,71.0,0.0,282.0,269.0,0.0,0.0,314.0,0.0,0.0,245.0,0.0
618.0,400.0,332.0,343.0,606.0,118.0,0.0,550.0,592.0,393.0,52.0,0.0,272.0,249.0,0.0,0.0,293.0,0.0,0.0,225.0,0.0
613.0,388.0,316.0,326.0,588.0,104.0,0.0,545.0,585.0,381.0,36.0,0.0,268.0,233.0,0.0,0.0,277.0,0.0,0.0,211.0,0.0
627.0,399.0,322.0,347.0,606.0,111.0,0.0,552.0,601.0,386.0,43.0,0.0,278.0,234.0,0.0,0.0,284.0,0.0,0.0,217.0,0.0
624.0,391.0,315.0,336.0,588.0,87.0,0.0,544.0,599.0,383.0,33.0,0.0,266.0,221.0,0.0,0.0,274.0,0.0,0.0,206.0,0.0
612.0,378.0,295.0,325.0,583.0,72.0,0.0,536.0,583.0,362.0,14.0,0.0,253.0,201.0,0.0,0.0,256.0,0.0,0.0,177.0,0.0
633.0,393.0,311.0,331.0,597.0,84.0,0.0,552.0,598.0,374.0,24.0,0.0,274.0,211.0,0.0,0.0,266.0,0.0,0.0,189.0,0.0
650.0,398.0,321.0,358.0,609.0,93.0,0.0,565.0,607.0,385.0,37.0,0.0,280.0,218.0,0.0,0.0,276.0,0.0,0.0,198.0,0.0
648.0,388.0,305.0,335.0,594.0,83.0,0.0,561.0,593.0,373.0,24.0,0.0,267.0,202.0,0.0,0.0,263.0,0.0,0.0,181.0,0.0
635.0,372.0,285.0,333.0,577.0,57.0,0.0,545.0,575.0,364.0,8.0,0.0,253.0,186.0,0.0,0.0,247.0,0.0,0.0,164.0,0.0
657.0,389.0,295.0,348.0,588.0,66.0,0.0,563.0,588.0,378.0,18.0,0.0,266.0,196.0,0.0,0.0,257.0,0.0,0.0,176.0,0.0
673.0,394.0,302.0,369.0,609.0,73.0,0.0,574.0,593.0,395.0,25.0,0.0,283.0,200.0,0.0,0.0,261.0,0.0,0.0,182.0,0.0
659.0,381.0,289.0,370.0,594.0,46.0,0.0,571.0,585.0,389.0,12.0,0.0,274.0,178.0,0.0,0.0,245.0,0.0,0.0,174.0,0.0
681.0,395.0,299.0,370.0,615.0,56.0,0.0,584.0,599.0,403.0,22.0,0.0,292.0,188.0,0.0,0.0,252.0,0.0,0.0,183.0,0.0
701.0,409.0,312.0,393.0,620.0,70.0,0.0,604.0,610.0,417.0,35.0,0.0,307.0,201.0,0.0,0.0,259.0,0.0,0.0,189.0,0.0
690.0,399.0,299.0,370.0,609.0,57.0,0.0,587.0,597.0,402.0,19.0,0.0,295.0,188.0,0.0,0.0,246.0,0.0,0.0,175.0,0.0
708.0,417.0,309.0,390.0,617.0,67.0,0.0,601.0,609.0,416.0,29.0,0.0,304.0,198.0,0.0,0.0,259.0,0.0,0.0,181.0,0.0
727.0,433.0,322.0,401.0,632.0,63.0,0.0,622.0,631.0,430.0,39.0,0.0,314.0,208.0,0.0,0.0,269.0,0.0,0.0,190.0,0.0
718.0,412.0,303.0,392.0,614.0,50.0,0.0,612.0,612.0,424.0,23.0,0.0,307.0,198.0,0.0,0.0,253.0,0.0,0.0,179.0,0.0
705.0,398.0,286.0,372.0,606.0,37.0,0.0,601.0,607.0,409.0,7.0,0.0,296.0,182.0,0.0,0.0,234.0,0.0,0.0,157.0,0.0
728.0,404.0,298.0,390.0,611.0,41.0,0.0,619.0,617.0,420.0,20.0,0.0,307.0,196.0,0.0,0.0,243.0,0.0,0.0,161.0,0.0
710.0,392.0,280.0,385.0,600.0,13.0,0.0,614.0,603.0,402.0,4.0,0.0,296.0,175.0,0.0,0.0,223.0,0.0,0.0,136.0,0.0
721.0,406.0,295.0,394.0,611.0,26.0,0.0,633.0,621.0,416.0,14.0,0.0,316.0,189.0,0.0,0.0,238.0,0.0,0.0,149.0,0.0
716.0,389.0,277.0,386.0,603.0,-1.0,0.0,618.0,604.0,404.0,-2.0,0.0,308.0,174.0,0.0,0.0,221.0,0.0,0.0,130.0,0.0
734.0,395.0,290.0,407.0,610.0,0.0,0.0,635.0,618.0,423.0,0.0,0.0,317.0,179.0,0.0,0.0,227.0,0.0,0.0,137.0,0.0
725.0,381.0,276.0,397.0,606.0,0.0,0.0,629.0,607.0,414.0,0.0,0.0,310.0,153.0,0.0,0.0,211.0,0.0,0.0,115.0,0.0
720.0,373.0,271.0,388.0,594.0,0.0,0.0,623.0,595.0,408.0,0.0,0.0,304.0,142.0,0.0,0.0,192.0,0.0,0.0,108.0,0.0
727.0,379.0,278.0,403.0,615.0,0.0,0.0,644.0,607.0,421.0,0.0,0.0,318.0,147.0,0.0,0.0,195.0,0.0,0.0,120.0,0.0
726.0,368.0,270.0,402.0,600.0,0.0,0.0,633.0,601.0,412.0,0.0,0.0,308.0,133.0,0.0,0.0,182.0,0.0,0.0,107.0,0.0
720.0,351.0,262.0,397.0,587.0,0.0,0.0,626.0,592.0,403.0,0.0,0.0,295.0,118.0,0.0,0.0,164.0,0.0,0.0,97.0,0.0
734.0,358.0,280.0,408.0,585.0,0.0,0.0,641.0,604.0,419.0,0.0,0.0,315.0,122.0,0.0,0.0,168.0,0.0,0.0,106.0,0.0
746.0,362.0,295.0,409.0,609.0,0.0,0.0,650.0,611.0,435.0,0.0,0.0,328.0,129.0,0.0,0.0,175.0,0.0,0.0,121.0,0.0
744.0,353.0,283.0,395.0,597.0,0.0,0.0,645.0,600.0,432.0,0.0,0.0,321.0,117.0,0.0,0.0,154.0,0.0,0.0,111.0,0.0
734.0,338.0,262.0,384.0,584.0,0.0,0.0,635.0,594.0,421.0,0.0,0.0,310.0,99.0,0.0,0.0,136.0,0.0,0.0,95.0,0.0
751.0,343.0,270.0,398.0,594.0,0.0,0.0,653.0,608.0,431.0,0.0,0.0,324.0,106.0,0.0,0.0,143.0,0.0,0.0,107.0,0.0
758.0,352.0,277.0,412.0,609.0,0.0,0.0,663.0,625.0,450.0,0.0,0.0,336.0,110.0,0.0,0.0,144.0,0.0,0.0,116.0,0.0
750.0,345.0,269.0,404.0,588.0,0.0,0.0,657.0,613.0,444.0,0.0,0.0,322.0,95.0,0.0,0.0,126.0,0.0,0.0,103.0,0.0
767.0,350.0,281.0,411.0,606.0,0.0,0.0,666.0,628.0,454.0,0.0,0.0,338.0,92.0,0.0,0.0,131.0,0.0,0.0,106.0,0.0
769.0,337.0,271.0,400.0,591.0,0.0,0.0,663.0,621.0,445.0,0.0,0.0,328.0,77.0,0.0,0.0,116.0,0.0,0.0,90.0,0.0
755.0,329.0,249.0,376.0,587.0,0.0,0.0,655.0,620.0,442.0,0.0,0.0,322.0,59.0,0.0,0.0,104.0,0.0,0.0,74.0,0.0
753.0,315.0,240.0,364.0,575.0,0.0,0.0,648.0,619.0,439.0,0.0,0.0,313.0,46.0,0.0,0.0,87.0,0.0,0.0,67.0,0.0
740.0,298.0,220.0,357.0,565.0,0.0,0.0,640.0,611.0,430.0,0.0,0.0,295.0,33.0,0.0,0.0,76.0,0.0,0.0,57.0,0.0
755.0,302.0,231.0,375.0,569.0,0.0,0.0,649.0,622.0,443.0,0.0,0.0,316.0,37.0,0.0,0.0,80.0,0.0,0.0,75.0,0.0
753.0,294.0,217.0,357.0,565.0,0.0,0.0,635.0,617.0,434.0,0.0,0.0,303.0,25.0,0.0,0.0,62.0,0.0,0.0,68.0,0.0
741.0,284.0,197.0,347.0,547.0,0.0,0.0,625.0,612.0,422.0,0.0,0.0,291.0,14.0,0.0,0.0,46.0,0.0,0.0,58.0,0.0
759.0,293.0,201.0,351.0,571.0,0.0,0.0,638.0,630.0,429.0,0.0,0.0,295.0,21.0,0.0,0.0,56.0,0.0,0.0,76.0,0.0
774.0,310.0,213.0,375.0,575.0,0.0,0.0,647.0,641.0,439.0,0.0,0.0,299.0,25.0,0.0,0.0,60.0,0.0,0.0,82.0,0.0
787.0,324.0,226.0,373.0,593.0,0.0,0.0,660.0,650.0,449.0,0.0,0.0,306.0,33.0,0.0,0.0,66.0,0.0,0.0,85.0,0.0
778.0,310.0,213.0,360.0,572.0,0.0,0.0,653.0,642.0,438.0,0.0,0.0,291.0,26.0,0.0,0.0,47.0,0.0,0.0,72.0,0.0
791.0,318.0,223.0,364.0,593.0,0.0,0.0,659.0,655.0,451.0,0.0,0.0,302.0,41.0,0.0,0.0,52.0,0.0,0.0,81.0,0.0
806.0,332.0,230.0,372.0,597.0,0.0,0.0,668.0,665.0,468.0,0.0,0.0,314.0,53.0,0.0,0.0,53.0,0.0,0.0,90.0,0.0
792.0,316.0,220.0,361.0,593.0,0.0,0.0,660.0,658.0,456.0,0.0,0.0,297.0,37.0,0.0,0.0,38.0,0.0,0.0,74.0,0.0
783.0,307.0,201.0,353.0,572.0,0.0,0.0,655.0,654.0,450.0,0.0,0.0,287.0,27.0,0.0,0.0,26.0,0.0,0.0,61.0,0.0
772.0,289.0,184.0,335.0,568.0,0.0,0.0,648.0,642.0,441.0,0.0,0.0,275.0,11.0,0.0,0.0,12.0,0.0,0.0,45.0,0.0
786.0,298.0,191.0,354.0,572.0,0.0,0.0,663.0,660.0,457.0,0.0,0.0,286.0,23.0,0.0,0.0,14.0,0.0,0.0,54.0,0.0
774.0,276.0,176.0,336.0,565.0,0.0,0.0,659.0,645.0,442.0,0.0,0.0,277.0,10.0,0.0,0.0,-3.0,0.0,0.0,35.0,0.0
784.0,289.0,179.0,349.0,576.0,0.0,0.0,670.0,666.0,458.0,0.0,0.0,288.0,16.0,0.0,0.0,0.0,0.0,0.0,38.0,0.0
770.0,275.0,167.0,350.0,568.0,0.0,0.0,663.0,659.0,442.0,0.0,0.0,270.0,-4.0,0.0,0.0,0.0,0.0,0.0,23.0,0.0
784.0,290.0,182.0,362.0,577.0,0.0,0.0,674.0,677.0,455.0,0.0,0.0,277.0,0.0,0.0,0.0,0.0,0.0,0.0,25.0,0.0
787.0,294.0,183.0,374.0,583.0,0.0,0.0,683.0,685.0,453.0,0.0,0.0,287.0,0.0,0.0,0.0,0.0,0.0,0.0,32.0,0.0
804.0,306.0,194.0,377.0,583.0,0.0,0.0,697.0,697.0,463.0,0.0,0.0,303.0,0.0,0.0,0.0,0.0,0.0,0.0,45.0,0.0
793.0,299.0,182.0,366.0,577.0,0.0,0.0,684.0,690.0,443.0,0.0,0.0,295.0,0.0,0.0,0.0,0.0,0.0,0.0,34.0,0.0
807.0,301.0,191.0,373.0,583.0,0.0,0.0,696.0,708.0,453.0,0.0,0.0,303.0,0.0,0.0,0.0,0.0,0.0,0.0,44.0,0.0
811.0,302.0,191.0,388.0,592.0,0.0,0.0,704.0,712.0,463.0,0.0,0.0,312.0,0.0,0.0,0.0,0.0,0.0,0.0,54.0,0.0
822.0,304.0,200.0,404.0,598.0,0.0,0.0,712.0,727.0,476.0,0.0,0.0,324.0,0.0,0.0,0.0,0.0,0.0,0.0,64.0,0.0
831.0,312.0,200.0,414.0,616.0,0.0,0.0,720.0,734.0,486.0,0.0,0.0,330.0,0.0,0.0,0.0,0.0,0.0,0.0,74.0,0.0
843.0,320.0,214.0,430.0,616.0,0.0,0.0,727.0,741.0,496.0,0.0,0.0,340.0,0.0,0.0,0.0,0.0,0.0,0.0,90.0,0.0
851.0,330.0,223.0,438.0,625.0,0.0,0.0,735.0,744.0,503.0,0.0,0.0,350.0,0.0,0.0,0.0,0.0,0.0,0.0,100.0,0.0
847.0,322.0,216.0,428.0,610.0,0.0,0.0,721.0,736.0,495.0,0.0,0.0,340.0,0.0,0.0,0.0,0.0,0.0,0.0,98.0,0.0
836.0,306.0,208.0,417.0,604.0,0.0,0.0,715.0,730.0,484.0,0.0,0.0,330.0,0.0,0.0,0.0,0.0,0.0,0.0,87.0,0.0
848.0,310.0,215.0,430.0,613.0,0.0,0.0,728.0,744.0,503.0,0.0,0.0,335.0,0.0,0.0,0.0,0.0,0.0,0.0,97.0,0.0
859.0,308.0,218.0,443.0,634.0,0.0,0.0,737.0,750.0,510.0,0.0,0.0,346.0,0.0,0.0,0.0,0.0,0.0,0.0,110.0,0.0
856.0,298.0,210.0,438.0,622.0,0.0,0.0,727.0,742.0,496.0,0.0,0.0,336.0,0.0,0.0,0.0,0.0,0.0,0.0,96.0,0.0
868.0,305.0,209.0,442.0,631.0,0.0,0.0,738.0,745.0,509.0,0.0,0.0,344.0,0.0,0.0,0.0,0.0,0.0,0.0,106.0,0.0
883.0,315.0,215.0,452.0,643.0,0.0,0.0,748.0,757.0,516.0,0.0,0.0,358.0,0.0,0.0,0.0,0.0,0.0,0.0,116.0,0.0
892.0,324.0,220.0,462.0,655.0,0.0,0.0,758.0,763.0,526.0,0.0,0.0,367.0,0.0,0.0,0.0,0.0,0.0,0.0,132.0,0.0
887.0,315.0,208.0,460.0,637.0,0.0,0.0,747.0,758.0,518.0,0.0,0.0,360.0,0.0,0.0,0.0,0.0,0.0,0.0,121.0,0.0
901.0,320.0,206.0,470.0,652.0,0.0,0.0,761.0,767.0,534.0,0.0,0.0,364.0,0.0,0.0,0.0,0.0,0.0,0.0,134.0,0.0
915.0,325.0,215.0,484.0,655.0,0.0,0.0,776.0,775.0,538.0,0.0,0.0,382.0,0.0,0.0,0.0,0.0,0.0,0.0,144.0,0.0
906.0,312.0,195.0,476.0,652.0,0.0,0.0,767.0,775.0,530.0,0.0,0.0,373.0,0.0,0.0,0.0,0.0,0.0,0.0,133.0,0.0
900.0,308.0,187.0,468.0,640.0,0.0,0.0,759.0,770.0,519.0,0.0,0.0,362.0,0.0,0.0,0.0,0.0,0.0,0.0,128.0,0.0
887.0,299.0,174.0,460.0,634.0,0.0,0.0,750.0,760.0,517.0,0.0,0.0,355.0,0.0,0.0,0.0,0.0,0.0,0.0,117.0,0.0
872.0,289.0,159.0,452.0,619.0,0.0,0.0,745.0,754.0,515.0,0.0,0.0,350.0,0.0,0.0,0.0,0.0,0.0,0.0,106.0,0.0
880.0,302.0,168.0,456.0,634.0,0.0,0.0,756.0,762.0,522.0,0.0,0.0,355.0,0.0,0.0,0.0,0.0,0.0,0.0,110.0,0.0
870.0,290.0,153.0,448.0,619.0,0.0,0.0,754.0,754.0,517.0,0.0,0.0,347.0,0.0,0.0,0.0,0.0,0.0,0.0,105.0,0.0
862.0,273.0,147.0,434.0,613.0,0.0,0.0,743.0,743.0,506.0,0.0,0.0,339.0,0.0,0.0,0.0,0.0,0.0,0.0,91.0,0.0
875.0,279.0,155.0,444.0,613.0,0.0,0.0,754.0,751.0,516.0,0.0,0.0,351.0,0.0,0.0,0.0,0.0,0.0,0.0,107.0,0.0
864.0,267.0,148.0,427.0,607.0,0.0,0.0,745.0,744.0,508.0,0.0,0.0,340.0,0.0,0.0,0.0,0.0,0.0,0.0,93.0,0.0
852.0,254.0,139.0,416.0,592.0,0.0,0.0,736.0,742.0,500.0,0.0,0.0,333.0,0.0,0.0,0.0,0.0,0.0,0.0,91.0,0.0
845.0,242.0,125.0,402.0,589.0,0.0,0.0,721.0,733.0,486.0,0.0,0.0,329.0,0.0,0.0,0.0,0.0,0.0,0.0,83.0,0.0
862.0,247.0,135.0,415.0,595.0,0.0,0.0,728.0,743.0,499.0,0.0,0.0,335.0,0.0,0.0,0.0,0.0,0.0,0.0,90.0,0.0
857.0,239.0,113.0,407.0,586.0,0.0,0.0,722.0,733.0,485.0,0.0,0.0,327.0,0.0,0.0,0.0,0.0,0.0,0.0,76.0,0.0
848.0,230.0,103.0,400.0,577.0,0.0,0.0,718.0,724.0,474.0,0.0,0.0,326.0,0.0,0.0,0.0,0.0,0.0,0.0,71.0,0.0
835.0,219.0,95.0,393.0,568.0,0.0,0.0,708.0,709.0,460.0,0.0,0.0,318.0,0.0,0.0,0.0,0.0,0.0,0.0,66.0,0.0
848.0,223.0,109.0,401.0,568.0,0.0,0.0,726.0,720.0,467.0,0.0,0.0,328.0,0.0,0.0,0.0,0.0,0.0,0.0,79.0,0.0
848.0,214.0,98.0,388.0,562.0,0.0,0.0,721.0,708.0,456.0,0.0,0.0,315.0,0.0,0.0,0.0,0.0,0.0,0.0,65.0,0.0
857.0,224.0,102.0,399.0,562.0,0.0,0.0,727.0,718.0,466.0,0.0,0.0,330.0,0.0,0.0,0.0,0.0,0.0,0.0,72.0,0.0
863.0,231.0,102.0,410.0,571.0,0.0,0.0,741.0,725.0,470.0,0.0,0.0,337.0,0.0,0.0,0.0,0.0,0.0,0.0,79.0,0.0
855.0,214.0,97.0,406.0,556.0,0.0,0.0,736.0,723.0,462.0,0.0,0.0,330.0,0.0,0.0,0.0,0.0,0.0,0.0,74.0,0.0
851.0,194.0,80.0,399.0,556.0,0.0,0.0,730.0,711.0,457.0,0.0,0.0,321.0,0.0,0.0,0.0,0.0,0.0,0.0,60.0,0.0
844.0,182.0,67.0,395.0,538.0,0.0,0.0,727.0,711.0,449.0,0.0,0.0,317.0,0.0,0.0,0.0,0.0,0.0,0.0,55.0,0.0
836.0,169.0,52.0,382.0,532.0,0.0,0.0,719.0,703.0,438.0,0.0,0.0,310.0,0.0,0.0,0.0,0.0,0.0,0.0,44.0,0.0
829.0,158.0,43.0,378.0,520.0,0.0,0.0,721.0,699.0,421.0,0.0,0.0,299.0,0.0,0.0,0.0,0.0,0.0,0.0,39.0,0.0
836.0,164.0,46.0,389.0,532.0,0.0,0.0,725.0,701.0,425.0,0.0,0.0,314.0,0.0,0.0,0.0,0.0,0.0,0.0,49.0,0.0
845.0,172.0,57.0,400.0,532.0,0.0,0.0,740.0,709.0,429.0,0.0,0.0,332.0,0.0,0.0,0.0,0.0,0.0,0.0,59.0,0.0
837.0,158.0,47.0,390.0,526.0,0.0,0.0,733.0,699.0,412.0,0.0,0.0,325.0,0.0,0.0,0.0,0.0,0.0,0.0,48.0,0.0
834.0,150.0,39.0,383.0,514.0,0.0,0.0,725.0,693.0,398.0,0.0,0.0,314.0,0.0,0.0,0.0,0.0,0.0,0.0,43.0,0.0
842.0,154.0,36.0,392.0,532.0,0.0,0.0,737.0,698.0,399.0,0.0,0.0,325.0,0.0,0.0,0.0,0.0,0.0,0.0,50.0,0.0
853.0,165.0,44.0,404.0,535.0,0.0,0.0,750.0,707.0,409.0,0.0,0.0,343.0,0.0,0.0,0.0,0.0,0.0,0.0,63.0,0.0
862.0,170.0,50.0,410.0,547.0,0.0,0.0,757.0,712.0,410.0,0.0,0.0,352.0,0.0,0.0,0.0,0.0,0.0,0.0,73.0,0.0
873.0,175.0,52.0,425.0,556.0,0.0,0.0,762.0,724.0,420.0,0.0,0.0,364.0,0.0,0.0,0.0,0.0,0.0,0.0,80.0,0.0
865.0,161.0,41.0,418.0,547.0,0.0,0.0,755.0,713.0,400.0,0.0,0.0,352.0,0.0,0.0,0.0,0.0,0.0,0.0,69.0,0.0
856.0,151.0,37.0,412.0,526.0,0.0,0.0,746.0,703.0,389.0,0.0,0.0,354.0,0.0,0.0,0.0,0.0,0.0,0.0,61.0,0.0
862.0,157.0,39.0,420.0,535.0,0.0,0.0,758.0,712.0,393.0,0.0,0.0,365.0,0.0,0.0,0.0,0.0,0.0,0.0,62.0,0.0
861.0,149.0,30.0,413.0,520.0,0.0,0.0,751.0,707.0,385.0,0.0,0.0,353.0,0.0,0.0,0.0,0.0,0.0,0.0,60.0,0.0
870.0,164.0,29.0,421.0,529.0,0.0,0.0,760.0,712.0,380.0,0.0,0.0,361.0,0.0,0.0,0.0,0.0,0.0,0.0,67.0,0.0
882.0,162.0,37.0,432.0,529.0,0.0,0.0,776.0,730.0,384.0,0.0,0.0,374.0,0.0,0.0,0.0,0.0,0.0,0.0,77.0,0.0
881.0,143.0,34.0,422.0,520.0,0.0,0.0,766.0,720.0,370.0,0.0,0.0,358.0,0.0,0.0,0.0,0.0,0.0,0.0,63.0,0.0
879.0,125.0,24.0,412.0,505.0,0.0,0.0,758.0,716.0,350.0,0.0,0.0,354.0,0.0,0.0,0.0,0.0,0.0,0.0,58.0,0.0
891.0,137.0,32.0,417.0,517.0,0.0,0.0,769.0,723.0,354.0,0.0,0.0,354.0,0.0,0.0,0.0,0.0,0.0,0.0,71.0,0.0
887.0,122.0,17.0,413.0,499.0,0.0,0.0,760.0,722.0,346.0,0.0,0.0,347.0,0.0,0.0,0.0,0.0,0.0,0.0,60.0,0.0
894.0,127.0,19.0,418.0,508.0,0.0,0.0,773.0,736.0,350.0,0.0,0.0,356.0,0.0,0.0,0.0,0.0,0.0,0.0,70.0,0.0
905.0,140.0,22.0,432.0,511.0,0.0,0.0,777.0,754.0,355.0,0.0,0.0,364.0,0.0,0.0,0.0,0.0,0.0,0.0,77.0,0.0
890.0,129.0,8.0,415.0,505.0,0.0,0.0,774.0,743.0,344.0,0.0,0.0,353.0,0.0,0.0,0.0,0.0,0.0,0.0,78.0,0.0
885.0,117.0,0.0,410.0,493.0,0.0,0.0,772.0,730.0,330.0,0.0,0.0,346.0,0.0,0.0,0.0,0.0,0.0,0.0,76.0,0.0
881.0,102.0,0.0,395.0,480.0,0.0,0.0,766.0,719.0,313.0,0.0,0.0,338.0,0.0,0.0,0.0,0.0,0.0,0.0,65.0,0.0
890.0,104.0,0.0,402.0,490.0,0.0,0.0,777.0,733.0,318.0,0.0,0.0,346.0,0.0,0.0,0.0,0.0,0.0,0.0,81.0,0.0
875.0,92.0,0.0,396.0,486.0,0.0,0.0,771.0,722.0,310.0,0.0,0.0,340.0,0.0,0.0,0.0,0.0,0.0,0.0,69.0,0.0
869.0,82.0,0.0,384.0,471.0,0.0,0.0,770.0,714.0,308.0,0.0,0.0,336.0,0.0,0.0,0.0,0.0,0.0,0.0,63.0,0.0
879.0,82.0,0.0,385.0,486.0,0.0,0.0,781.0,721.0,320.0,0.0,0.0,341.0,0.0,0.0,0.0,0.0,0.0,0.0,64.0,0.0
896.0,91.0,0.0,395.0,484.0,0.0,0.0,792.0,734.0,329.0,0.0,0.0,351.0,0.0,0.0,0.0,0.0,0.0,0.0,71.0,0.0
888.0,73.0,0.0,380.0,480.0,0.0,0.0,790.0,723.0,316.0,0.0,0.0,348.0,0.0,0.0,0.0,0.0,0.0,0.0,59.0,0.0
893.0,75.0,0.0,384.0,478.0,0.0,0.0,803.0,738.0,324.0,0.0,0.0,367.0,0.0,0.0,0.0,0.0,0.0,0.0,69.0,0.0
883.0,64.0,0.0,372.0,474.0,0.0,0.0,799.0,732.0,313.0,0.0,0.0,361.0,0.0,0.0,0.0,0.0,0.0,0.0,57.0,0.0
894.0,74.0,0.0,379.0,475.0,0.0,0.0,809.0,745.0,321.0,0.0,0.0,372.0,0.0,0.0,0.0,0.0,0.0,0.0,70.0,0.0
886.0,59.0,0.0,367.0,468.0,0.0,0.0,801.0,744.0,316.0,0.0,0.0,367.0,0.0,0.0,0.0,0.0,0.0,0.0,55.0,0.0
900.0,63.0,0.0,375.0,469.0,0.0,0.0,816.0,753.0,327.0,0.0,0.0,378.0,0.0,0.0,0.0,0.0,0.0,0.0,62.0,0.0
890.0,50.0,0.0,367.0,465.0,0.0,0.0,805.0,748.0,322.0,0.0,0.0,366.0,0.0,0.0,0.0,0.0,0.0,0.0,50.0,0.0
895.0,58.0,0.0,378.0,466.0,0.0,0.0,817.0,758.0,327.0,0.0,0.0,373.0,0.0,0.0,0.0,0.0,0.0,0.0,57.0,0.0
883.0,47.0,0.0,368.0,459.0,0.0,0.0,809.0,745.0,322.0,0.0,0.0,367.0,0.0,0.0,0.0,0.0,0.0,0.0,45.0,0.0
890.0,56.0,0.0,375.0,460.0,0.0,0.0,823.0,750.0,333.0,0.0,0.0,376.0,0.0,0.0,0.0,0.0,0.0,0.0,52.0,0.0
878.0,45.0,0.0,369.0,456.0,0.0,0.0,816.0,745.0,322.0,0.0,0.0,364.0,0.0,0.0,0.0,0.0,0.0,0.0,40.0,0.0
883.0,54.0,0.0,379.0,457.0,0.0,0.0,833.0,758.0,333.0,0.0,0.0,373.0,0.0,0.0,0.0,0.0,0.0,0.0,47.0,0.0
882.0,63.0,0.0,380.0,463.0,0.0,0.0,838.0,768.0,338.0,0.0,0.0,383.0,0.0,0.0,0.0,0.0,0.0,0.0,48.0,0.0
874.0,53.0,0.0,376.0,451.0,0.0,0.0,834.0,763.0,330.0,0.0,0.0,375.0,0.0,0.0,0.0,0.0,0.0,0.0,33.0,0.0
863.0,36.0,0.0,366.0,447.0,0.0,0.0,832.0,758.0,316.0,0.0,0.0,367.0,0.0,0.0,0.0,0.0,0.0,0.0,18.0,0.0
855.0,29.0,0.0,359.0,432.0,0.0,0.0,829.0,757.0,311.0,0.0,0.0,361.0,0.0,0.0,0.0,0.0,0.0,0.0,12.0,0.0
857.0,35.0,0.0,368.0,441.0,0.0,0.0,843.0,767.0,310.0,0.0,0.0,372.0,0.0,0.0,0.0,0.0,0.0,0.0,16.0,0.0
845.0,24.0,0.0,361.0,432.0,0.0,0.0,845.0,764.0,302.0,0.0,0.0,368.0,0.0,0.0,0.0,0.0,0.0,0.0,4.0,0.0
834.0,17.0,0.0,348.0,425.0,0.0,0.0,832.0,763.0,291.0,0.0,0.0,358.0,0.0,0.0,0.0,0.0,0.0,0.0,-11.0,0.0
831.0,8.0,0.0,343.0,416.0,0.0,0.0,825.0,754.0,281.0,0.0,0.0,358.0,0.0,0.0,0.0,0.0,0.0,0.0,0.0,0.0
825.0,-4.0,0.0,338.0,411.0,0.0,0.0,817.0,743.0,267.0,0.0,0.0,355.0,0.0,0.0,0.0,0.0,0.0,0.0,0.0,0.0
837.0,0.0,0.0,348.0,414.0,0.0,0.0,820.0,751.0,267.0,0.0,0.0,365.0,0.0,0.0,0.0,0.0,0.0,0.0,0.0,0.0
833.0,0.0,0.0,340.0,405.0,0.0,0.0,809.0,741.0,258.0,0.0,0.0,362.0,0.0,0.0,0.0,0.0,0.0,0.0,0.0,0.0
831.0,0.0,0.0,337.0,393.0,0.0,0.0,803.0,740.0,246.0,0.0,0.0,362.0,0.0,0.0,0.0,0.0,0.0,0.0,0.0,0.0
842.0,0.0,0.0,340.0,399.0,0.0,0.0,810.0,741.0,243.0,0.0,0.0,367.0,0.0,0.0,0.0,0.0,0.0,0.0,0.0,0.0
840.0,0.0,0.0,340.0,387.0,0.0,0.0,803.0,735.0,237.0,0.0,0.0,366.0,0.0,0.0,0.0,0.0,0.0,0.0,0.0,0.0
831.0,0.0,0.0,337.0,381.0,0.0,0.0,794.0,727.0,234.0,0.0,0.0,360.0,0.0,0.0,0.0,0.0,0.0,0.0,0.0,0.0
840.0,0.0,0.0,347.0,381.0,0.0,0.0,791.0,735.0,237.0,0.0,0.0,371.0,0.0,0.0,0.0,0.0,0.0,0.0,0.0,0.0
847.0,0.0,0.0,351.0,384.0,0.0,0.0,796.0,741.0,234.0,0.0,0.0,381.0,0.0,0.0,0.0,0.0,0.0,0.0,0.0,0.0
847.0,0.0,0.0,349.0,372.0,0.0,0.0,788.0,736.0,228.0,0.0,0.0,372.0,0.0,0.0,0.0,0.0,0.0,0.0,0.0,0.0
843.0,0.0,0.0,344.0,366.0,0.0,0.0,777.0,722.0,219.0,0.0,0.0,369.0,0.0,0.0,0.0,0.0,0.0,0.0,0.0,0.0
840.0,0.0,0.0,339.0,354.0,0.0,0.0,769.0,714.0,210.0,0.0,0.0,366.0,0.0,0.0,0.0,0.0,0.0,0.0,0.0,0.0
832.0,0.0,0.0,331.0,345.0,0.0,0.0,755.0,707.0,198.0,0.0,0.0,368.0,0.0,0.0,0.0,0.0,0.0,0.0,0.0,0.0
827.0,0.0,0.0,329.0,336.0,0.0,0.0,748.0,698.0,195.0,0.0,0.0,365.0,0.0,0.0,0.0,0.0,0.0,0.0,0.0,0.0
832.0,0.0,0.0,333.0,339.0,0.0,0.0,750.0,699.0,192.0,0.0,0.0,379.0,0.0,0.0,0.0,0.0,0.0,0.0,0.0,0.0
831.0,0.0,0.0,334.0,324.0,0.0,0.0,740.0,699.0,180.0,0.0,0.0,374.0,0.0,0.0,0.0,0.0,0.0,0.0,0.0,0.0
831.0,0.0,0.0,326.0,315.0,0.0,0.0,723.0,688.0,168.0,0.0,0.0,373.0,0.0,0.0,0.0,0.0,0.0,0.0,0.0,0.0
839.0,0.0,0.0,330.0,309.0,0.0,0.0,731.0,692.0,177.0,0.0,0.0,380.0,0.0,0.0,0.0,0.0,0.0,0.0,0.0,0.0
846.0,0.0,0.0,340.0,318.0,0.0,0.0,726.0,695.0,180.0,0.0,0.0,387.0,0.0,0.0,0.0,0.0,0.0,0.0,0.0,0.0
842.0,0.0,0.0,341.0,303.0,0.0,0.0,716.0,686.0,174.0,0.0,0.0,388.0,0.0,0.0,0.0,0.0,0.0,0.0,0.0,0.0
849.0,0.0,0.0,348.0,306.0,0.0,0.0,720.0,685.0,180.0,0.0,0.0,398.0,0.0,0.0,0.0,0.0,0.0,0.0,0.0,0.0
847.0,0.0,0.0,343.0,297.0,0.0,0.0,718.0,678.0,174.0,0.0,0.0,393.0,0.0,0.0,0.0,0.0,0.0,0.0,0.0,0.0
844.0,0.0,0.0,335.0,291.0,0.0,0.0,708.0,670.0,159.0,0.0,0.0,383.0,0.0,0.0,0.0,0.0,0.0,0.0,0.0,0.0
855.0,0.0,0.0,348.0,294.0,0.0,0.0,712.0,673.0,168.0,0.0,0.0,390.0,0.0,0.0,0.0,0.0,0.0,0.0,0.0,0.0
863.0,0.0,0.0,355.0,297.0,0.0,0.0,716.0,677.0,165.0,0.0,0.0,393.0,0.0,0.0,0.0,0.0,0.0,0.0,0.0,0.0
862.0,0.0,0.0,353.0,285.0,0.0,0.0,705.0,673.0,156.0,0.0,0.0,390.0,0.0,0.0,0.0,0.0,0.0,0.0,0.0,0.0
869.0,0.0,0.0,357.0,294.0,0.0,0.0,706.0,678.0,159.0,0.0,0.0,393.0,0.0,0.0,0.0,0.0,0.0,0.0,0.0,0.0
880.0,0.0,0.0,364.0,291.0,0.0,0.0,709.0,684.0,162.0,0.0,0.0,402.0,0.0,0.0,0.0,0.0,0.0,0.0,0.0,0.0
886.0,0.0,0.0,368.0,294.0,0.0,0.0,711.0,684.0,165.0,0.0,0.0,406.0,0.0,0.0,0.0,0.0,0.0,0.0,0.0,0.0
897.0,0.0,0.0,378.0,294.0,0.0,0.0,710.0,691.0,171.0,0.0,0.0,415.0,0.0,0.0,0.0,0.0,0.0,0.0,0.0,0.0
890.0,0.0,0.0,373.0,288.0,0.0,0.0,699.0,680.0,156.0,0.0,0.0,408.0,0.0,0.0,0.0,0.0,0.0,0.0,0.0,0.0
898.0,0.0,0.0,380.0,282.0,0.0,0.0,699.0,687.0,162.0,0.0,0.0,424.0,0.0,0.0,0.0,0.0,0.0,0.0,0.0,0.0
897.0,0.0,0.0,372.0,270.0,0.0,0.0,685.0,678.0,153.0,0.0,0.0,419.0,0.0,0.0,0.0,0.0,0.0,0.0,0.0,0.0
897.0,0.0,0.0,367.0,255.0,0.0,0.0,676.0,674.0,147.0,0.0,0.0,416.0,0.0,0.0,0.0,0.0,0.0,0.0,0.0,0.0
891.0,0.0,0.0,362.0,246.0,0.0,0.0,661.0,672.0,138.0,0.0,0.0,410.0,0.0,0.0,0.0,0.0,0.0,0.0,0.0,0.0
890.0,0.0,0.0,357.0,234.0,0.0,0.0,651.0,667.0,132.0,0.0,0.0,405.0,0.0,0.0,0.0,0.0,0.0,0.0,0.0,0.0
896.0,0.0,0.0,358.0,240.0,0.0,0.0,653.0,672.0,135.0,0.0,0.0,412.0,0.0,0.0,0.0,0.0,0.0,0.0,0.0,0.0
905.0,0.0,0.0,368.0,234.0,0.0,0.0,653.0,679.0,144.0,0.0,0.0,421.0,0.0,0.0,0.0,0.0,0.0,0.0,0.0,0.0
908.0,0.0,0.0,372.0,237.0,0.0,0.0,652.0,685.0,144.0,0.0,0.0,432.0,0.0,0.0,0.0,0.0,0.0,0.0,0.0,0.0
898.0,0.0,0.0,367.0,225.0,0.0,0.0,648.0,683.0,138.0,0.0,0.0,427.0,0.0,0.0,0.0,0.0,0.0,0.0,0.0,0.0
894.0,0.0,0.0,359.0,219.0,0.0,0.0,635.0,677.0,129.0,0.0,0.0,423.0,0.0,0.0,0.0,0.0,0.0,0.0,0.0,0.0
901.0,0.0,0.0,372.0,222.0,0.0,0.0,636.0,684.0,135.0,0.0,0.0,436.0,0.0,0.0,0.0,0.0,0.0,0.0,0.0,0.0
895.0,0.0,0.0,361.0,213.0,0.0,0.0,626.0,678.0,126.0,0.0,0.0,431.0,0.0,0.0,0.0,0.0,0.0,0.0,0.0,0.0
902.0,0.0,0.0,374.0,207.0,0.0,0.0,634.0,687.0,129.0,0.0,0.0,439.0,0.0,0.0,0.0,0.0,0.0,0.0,0.0,0.0
914.0,0.0,0.0,378.0,210.0,0.0,0.0,632.0,689.0,132.0,0.0,0.0,441.0,0.0,0.0,0.0,0.0,0.0,0.0,0.0,0.0
909.0,0.0,0.0,382.0,198.0,0.0,0.0,624.0,683.0,120.0,0.0,0.0,438.0,0.0,0.0,0.0,0.0,0.0,0.0,0.0,0.0
920.0,0.0,0.0,382.0,207.0,0.0,0.0,630.0,682.0,126.0,0.0,0.0,445.0,0.0,0.0,0.0,0.0,0.0,0.0,0.0,0.0
930.0,0.0,0.0,389.0,210.0,0.0,0.0,637.0,688.0,132.0,0.0,0.0,450.0,0.0,0.0,0.0,0.0,0.0,0.0,0.0,0.0
939.0,0.0,0.0,396.0,216.0,0.0,0.0,639.0,690.0,135.0,0.0,0.0,455.0,0.0,0.0,0.0,0.0,0.0,0.0,0.0,0.0
938.0,0.0,0.0,394.0,201.0,0.0,0.0,627.0,686.0,123.0,0.0,0.0,455.0,0.0,0.0,0.0,0.0,0.0,0.0,0.0,0.0
936.0,0.0,0.0,389.0,189.0,0.0,0.0,614.0,682.0,117.0,0.0,0.0,449.0,0.0,0.0,0.0,0.0,0.0,0.0,0.0,0.0
945.0,0.0,0.0,392.0,195.0,0.0,0.0,619.0,690.0,129.0,0.0,0.0,458.0,0.0,0.0,0.0,0.0,0.0,0.0,0.0,0.0
941.0,0.0,0.0,387.0,186.0,0.0,0.0,605.0,676.0,120.0,0.0,0.0,457.0,0.0,0.0,0.0,0.0,0.0,0.0,0.0,0.0
937.0,0.0,0.0,385.0,174.0,0.0,0.0,596.0,666.0,117.0,0.0,0.0,455.0,0.0,0.0,0.0,0.0,0.0,0.0,0.0,0.0
946.0,0.0,0.0,395.0,180.0,0.0,0.0,595.0,669.0,120.0,0.0,0.0,467.0,0.0,0.0,0.0,0.0,0.0,0.0,0.0,0.0
954.0,0.0,0.0,405.0,180.0,0.0,0.0,597.0,680.0,129.0,0.0,0.0,475.0,0.0,0.0,0.0,0.0,0.0,0.0,0.0,0.0
944.0,0.0,0.0,397.0,171.0,0.0,0.0,586.0,676.0,117.0,0.0,0.0,469.0,0.0,0.0,0.0,0.0,0.0,0.0,0.0,0.0
956.0,0.0,0.0,403.0,174.0,0.0,0.0,594.0,684.0,126.0,0.0,0.0,477.0,0.0,0.0,0.0,0.0,0.0,0.0,0.0,0.0
965.0,0.0,0.0,413.0,180.0,0.0,0.0,592.0,691.0,126.0,0.0,0.0,479.0,0.0,0.0,0.0,0.0,0.0,0.0,0.0,0.0
976.0,0.0,0.0,423.0,180.0,0.0,0.0,593.0,696.0,135.0,0.0,0.0,491.0,0.0,0.0,0.0,0.0,0.0,0.0,0.0,0.0
985.0,0.0,0.0,430.0,186.0,0.0,0.0,591.0,699.0,135.0,0.0,0.0,496.0,0.0,0.0,0.0,0.0,0.0,0.0,0.0,0.0
993.0,0.0,0.0,443.0,186.0,0.0,0.0,591.0,710.0,141.0,0.0,0.0,500.0,0.0,0.0,0.0,0.0,0.0,0.0,0.0,0.0
999.0,0.0,0.0,450.0,192.0,0.0,0.0,591.0,714.0,141.0,0.0,0.0,503.0,0.0,0.0,0.0,0.0,0.0,0.0,0.0,0.0
998.0,0.0,0.0,441.0,183.0,0.0,0.0,585.0,710.0,135.0,0.0,0.0,502.0,0.0,0.0,0.0,0.0,0.0,0.0,0.0,0.0
990.0,0.0,0.0,436.0,174.0,0.0,0.0,578.0,703.0,126.0,0.0,0.0,499.0,0.0,0.0,0.0,0.0,0.0,0.0,0.0,0.0
996.0,0.0,0.0,443.0,168.0,0.0,0.0,586.0,710.0,129.0,0.0,0.0,508.0,0.0,0.0,0.0,0.0,0.0,0.0,0.0,0.0
987.0,0.0,0.0,438.0,159.0,0.0,0.0,569.0,707.0,117.0,0.0,0.0,503.0,0.0,0.0,0.0,0.0,0.0,0.0,0.0,0.0
995.0,0.0,0.0,451.0,162.0,0.0,0.0,574.0,711.0,123.0,0.0,0.0,512.0,0.0,0.0,0.0,0.0,0.0,0.0,0.0,0.0
1003.0,0.0,0.0,458.0,168.0,0.0,0.0,571.0,713.0,126.0,0.0,0.0,521.0,0.0,0.0,0.0,0.0,0.0,0.0,0.0,0.0
1018.0,0.0,0.0,464.0,165.0,0.0,0.0,581.0,720.0,132.0,0.0,0.0,526.0,0.0,0.0,0.0,0.0,0.0,0.0,0.0,0.0
1014.0,0.0,0.0,453.0,165.0,0.0,0.0,569.0,707.0,123.0,0.0,0.0,523.0,0.0,0.0,0.0,0.0,0.0,0.0,0.0,0.0
1020.0,0.0,0.0,466.0,159.0,0.0,0.0,578.0,711.0,132.0,0.0,0.0,532.0,0.0,0.0,0.0,0.0,0.0,0.0,0.0,0.0
1028.0,0.0,0.0,473.0,162.0,0.0,0.0,577.0,712.0,135.0,0.0,0.0,541.0,0.0,0.0,0.0,0.0,0.0,0.0,0.0,0.0
1031.0,0.0,0.0,474.0,144.0,0.0,0.0,565.0,705.0,126.0,0.0,0.0,539.0,0.0,0.0,0.0,0.0,0.0,0.0,0.0,0.0
1025.0,0.0,0.0,465.0,144.0,0.0,0.0,553.0,693.0,117.0,0.0,0.0,535.0,0.0,0.0,0.0,0.0,0.0,0.0,0.0,0.0
1036.0,0.0,0.0,478.0,141.0,0.0,0.0,551.0,696.0,126.0,0.0,0.0,548.0,0.0,0.0,0.0,0.0,0.0,0.0,0.0,0.0
1032.0,0.0,0.0,470.0,138.0,0.0,0.0,537.0,684.0,114.0,0.0,0.0,545.0,0.0,0.0,0.0,0.0,0.0,0.0,0.0,0.0
1027.0,0.0,0.0,471.0,126.0,0.0,0.0,531.0,680.0,105.0,0.0,0.0,544.0,0.0,0.0,0.0,0.0,0.0,0.0,0.0,0.0
1022.0,0.0,0.0,463.0,114.0,0.0,0.0,521.0,675.0,96.0,0.0,0.0,539.0,0.0,0.0,0.0,0.0,0.0,0.0,0.0,0.0
1017.0,0.0,0.0,464.0,99.0,0.0,0.0,512.0,676.0,87.0,0.0,0.0,535.0,0.0,0.0,0.0,0.0,0.0,0.0,0.0,0.0
1013.0,0.0,0.0,452.0,93.0,0.0,0.0,499.0,665.0,84.0,0.0,0.0,532.0,0.0,0.0,0.0,0.0,0.0,0.0,0.0,0.0
1006.0,0.0,0.0,450.0,84.0,0.0,0.0,492.0,657.0,84.0,0.0,0.0,529.0,0.0,0.0,0.0,0.0,0.0,0.0,0.0,0.0
1014.0,0.0,0.0,460.0,87.0,0.0,0.0,492.0,656.0,90.0,0.0,0.0,535.0,0.0,0.0,0.0,0.0,0.0,0.0,0.0,0.0
1014.0,0.0,0.0,458.0,72.0,0.0,0.0,482.0,650.0,78.0,0.0,0.0,534.0,0.0,0.0,0.0,0.0,0.0,0.0,0.0,0.0
1011.0,0.0,0.0,453.0,66.0,0.0,0.0,464.0,644.0,72.0,0.0,0.0,528.0,0.0,0.0,0.0,0.0,0.0,0.0,0.0,0.0
1020.0,0.0,0.0,457.0,63.0,0.0,0.0,471.0,649.0,81.0,0.0,0.0,537.0,0.0,0.0,0.0,0.0,0.0,0.0,0.0,0.0
1029.0,0.0,0.0,457.0,72.0,0.0,0.0,470.0,657.0,81.0,0.0,0.0,544.0,0.0,0.0,0.0,0.0,0.0,0.0,0.0,0.0
1041.0,0.0,0.0,461.0,75.0,0.0,0.0,474.0,658.0,90.0,0.0,0.0,553.0,0.0,0.0,0.0,0.0,0.0,0.0,0.0,0.0
1037.0,0.0,0.0,459.0,66.0,0.0,0.0,468.0,648.0,78.0,0.0,0.0,542.0,0.0,0.0,0.0,0.0,0.0,0.0,0.0,0.0
1049.0,0.0,0.0,469.0,66.0,0.0,0.0,471.0,654.0,84.0,0.0,0.0,549.0,0.0,0.0,0.0,0.0,0.0,0.0,0.0,0.0
1058.0,0.0,0.0,473.0,75.0,0.0,0.0,473.0,655.0,90.0,0.0,0.0,554.0,0.0,0.0,0.0,0.0,0.0,0.0,0.0,0.0
1058.0,0.0,0.0,461.0,69.0,0.0,0.0,466.0,649.0,87.0,0.0,0.0,552.0,0.0,0.0,0.0,0.0,0.0,0.0,0.0,0.0
1061.0,0.0,0.0,471.0,78.0,0.0,0.0,465.0,656.0,87.0,0.0,0.0,560.0,0.0,0.0,0.0,0.0,0.0,0.0,0.0,0.0
1067.0,0.0,0.0,481.0,72.0,0.0,0.0,470.0,666.0,96.0,0.0,0.0,572.0,0.0,0.0,0.0,0.0,0.0,0.0,0.0,0.0
1060.0,0.0,0.0,476.0,63.0,0.0,0.0,456.0,656.0,87.0,0.0,0.0,564.0,0.0,0.0,0.0,0.0,0.0,0.0,0.0,0.0
1069.0,0.0,0.0,483.0,60.0,0.0,0.0,461.0,662.0,93.0,0.0,0.0,570.0,0.0,0.0,0.0,0.0,0.0,0.0,0.0,0.0
1067.0,0.0,0.0,478.0,54.0,0.0,0.0,444.0,652.0,87.0,0.0,0.0,570.0,0.0,0.0,0.0,0.0,0.0,0.0,0.0,0.0
1069.0,0.0,0.0,472.0,42.0,0.0,0.0,441.0,643.0,84.0,0.0,0.0,565.0,0.0,0.0,0.0,0.0,0.0,0.0,0.0,0.0
1059.0,0.0,0.0,461.0,36.0,0.0,0.0,430.0,637.0,78.0,0.0,0.0,559.0,0.0,0.0,0.0,0.0,0.0,0.0,0.0,0.0
1064.0,0.0,0.0,468.0,36.0,0.0,0.0,431.0,640.0,87.0,0.0,0.0,570.0,0.0,0.0,0.0,0.0,0.0,0.0,0.0,0.0
1055.0,0.0,0.0,460.0,27.0,0.0,0.0,420.0,633.0,75.0,0.0,0.0,568.0,0.0,0.0,0.0,0.0,0.0,0.0,0.0,0.0
1064.0,0.0,0.0,470.0,27.0,0.0,0.0,422.0,643.0,81.0,0.0,0.0,575.0,0.0,0.0,0.0,0.0,0.0,0.0,0.0,0.0
1053.0,0.0,0.0,468.0,18.0,0.0,0.0,413.0,634.0,75.0,0.0,0.0,569.0,0.0,0.0,0.0,0.0,0.0,0.0,0.0,0.0
1057.0,0.0,0.0,462.0,12.0,0.0,0.0,410.0,627.0,72.0,0.0,0.0,566.0,0.0,0.0,0.0,0.0,0.0,0.0,0.0,0.0
1062.0,0.0,0.0,469.0,21.0,0.0,0.0,410.0,627.0,75.0,0.0,0.0,572.0,0.0,0.0,0.0,0.0,0.0,0.0,0.0,0.0
1062.0,0.0,0.0,467.0,9.0,0.0,0.0,398.0,620.0,66.0,0.0,0.0,570.0,0.0,0.0,0.0,0.0,0.0,0.0,0.0,0.0
1055.0,0.0,0.0,465.0,3.0,0.0,0.0,383.0,613.0,57.0,0.0,0.0,564.0,0.0,0.0,0.0,0.0,0.0,0.0,0.0,0.0
1046.0,0.0,0.0,469.0,-3.0,0.0,0.0,375.0,607.0,54.0,0.0,0.0,560.0,0.0,0.0,0.0,0.0,0.0,0.0,0.0,0.0
1041.0,0.0,0.0,460.0,0.0,0.0,0.0,363.0,603.0,47.0,0.0,0.0,559.0,0.0,0.0,0.0,0.0,0.0,0.0,0.0,0.0
1040.0,0.0,0.0,451.0,0.0,0.0,0.0,359.0,595.0,40.0,0.0,0.0,552.0,0.0,0.0,0.0,0.0,0.0,0.0,0.0,0.0
1035.0,0.0,0.0,448.0,0.0,0.0,0.0,349.0,591.0,30.0,0.0,0.0,552.0,0.0,0.0,0.0,0.0,0.0,0.0,0.0,0.0
1030.0,0.0,0.0,442.0,0.0,0.0,0.0,342.0,588.0,23.0,0.0,0.0,548.0,0.0,0.0,0.0,0.0,0.0,0.0,0.0,0.0
1028.0,0.0,0.0,439.0,0.0,0.0,0.0,335.0,583.0,13.0,0.0,0.0,545.0,0.0,0.0,0.0,0.0,0.0,0.0,0.0,0.0
1027.0,0.0,0.0,436.0,0.0,0.0,0.0,323.0,574.0,6.0,0.0,0.0,539.0,0.0,0.0,0.0,0.0,0.0,0.0,0.0,0.0
1029.0,0.0,0.0,427.0,0.0,0.0,0.0,309.0,569.0,-1.0,0.0,0.0,536.0,0.0,0.0,0.0,0.0,0.0,0.0,0.0,0.0
1032.0,0.0,0.0,434.0,0.0,0.0,0.0,311.0,570.0,0.0,0.0,0.0,537.0,0.0,0.0,0.0,0.0,0.0,0.0,0.0,0.0
1035.0,0.0,0.0,432.0,0.0,0.0,0.0,312.0,578.0,0.0,0.0,0.0,541.0,0.0,0.0,0.0,0.0,0.0,0.0,0.0,0.0
1038.0,0.0,0.0,430.0,0.0,0.0,0.0,313.0,582.0,0.0,0.0,0.0,547.0,0.0,0.0,0.0,0.0,0.0,0.0,0.0,0.0
1029.0,0.0,0.0,429.0,0.0,0.0,0.0,306.0,581.0,0.0,0.0,0.0,543.0,0.0,0.0,0.0,0.0,0.0,0.0,0.0,0.0
1029.0,0.0,0.0,430.0,0.0,0.0,0.0,307.0,589.0,0.0,0.0,0.0,547.0,0.0,0.0,0.0,0.0,0.0,0.0,0.0,0.0
1023.0,0.0,0.0,423.0,0.0,0.0,0.0,299.0,586.0,0.0,0.0,0.0,547.0,0.0,0.0,0.0,0.0,0.0,0.0,0.0,0.0
1028.0,0.0,0.0,427.0,0.0,0.0,0.0,298.0,591.0,0.0,0.0,0.0,550.0,0.0,0.0,0.0,0.0,0.0,0.0,0.0,0.0
1020.0,0.0,0.0,423.0,0.0,0.0,0.0,291.0,587.0,0.0,0.0,0.0,547.0,0.0,0.0,0.0,0.0,0.0,0.0,0.0,0.0
1018.0,0.0,0.0,419.0,0.0,0.0,0.0,284.0,584.0,0.0,0.0,0.0,543.0,0.0,0.0,0.0,0.0,0.0,0.0,0.0,0.0
1016.0,0.0,0.0,412.0,0.0,0.0,0.0,275.0,580.0,0.0,0.0,0.0,543.0,0.0,0.0,0.0,0.0,0.0,0.0,0.0,0.0
1014.0,0.0,0.0,408.0,0.0,0.0,0.0,269.0,572.0,0.0,0.0,0.0,539.0,0.0,0.0,0.0,0.0,0.0,0.0,0.0,0.0
1006.0,0.0,0.0,404.0,0.0,0.0,0.0,266.0,566.0,0.0,0.0,0.0,532.0,0.0,0.0,0.0,0.0,0.0,0.0,0.0,0.0
1001.0,0.0,0.0,394.0,0.0,0.0,0.0,259.0,563.0,0.0,0.0,0.0,531.0,0.0,0.0,0.0,0.0,0.0,0.0,0.0,0.0
1007.0,0.0,0.0,398.0,0.0,0.0,0.0,257.0,565.0,0.0,0.0,0.0,535.0,0.0,0.0,0.0,0.0,0.0,0.0,0.0,0.0
1001.0,0.0,0.0,397.0,0.0,0.0,0.0,252.0,558.0,0.0,0.0,0.0,528.0,0.0,0.0,0.0,0.0,0.0,0.0,0.0,0.0
1010.0,0.0,0.0,398.0,0.0,0.0,0.0,253.0,561.0,0.0,0.0,0.0,534.0,0.0,0.0,0.0,0.0,0.0,0.0,0.0,0.0
1005.0,0.0,0.0,394.0,0.0,0.0,0.0,244.0,556.0,0.0,0.0,0.0,535.0,0.0,0.0,0.0,0.0,0.0,0.0,0.0,0.0
1008.0,0.0,0.0,401.0,0.0,0.0,0.0,246.0,556.0,0.0,0.0,0.0,539.0,0.0,0.0,0.0,0.0,0.0,0.0,0.0,0.0
1000.0,0.0,0.0,394.0,0.0,0.0,0.0,237.0,556.0,0.0,0.0,0.0,533.0,0.0,0.0,0.0,0.0,0.0,0.0,0.0,0.0
1000.0,0.0,0.0,387.0,0.0,0.0,0.0,228.0,552.0,0.0,0.0,0.0,529.0,0.0,0.0,0.0,0.0,0.0,0.0,0.0,0.0
999.0,0.0,0.0,394.0,0.0,0.0,0.0,229.0,557.0,0.0,0.0,0.0,533.0,0.0,0.0,0.0,0.0,0.0,0.0,0.0,0.0
997.0,0.0,0.0,390.0,0.0,0.0,0.0,218.0,553.0,0.0,0.0,0.0,528.0,0.0,0.0,0.0,0.0,0.0,0.0,0.0,0.0
989.0,0.0,0.0,389.0,0.0,0.0,0.0,211.0,550.0,0.0,0.0,0.0,521.0,0.0,0.0,0.0,0.0,0.0,0.0,0.0,0.0
995.0,0.0,0.0,393.0,0.0,0.0,0.0,211.0,553.0,0.0,0.0,0.0,526.0,0.0,0.0,0.0,0.0,0.0,0.0,0.0,0.0
988.0,0.0,0.0,389.0,0.0,0.0,0.0,202.0,552.0,0.0,0.0,0.0,527.0,0.0,0.0,0.0,0.0,0.0,0.0,0.0,0.0
985.0,0.0,0.0,382.0,0.0,0.0,0.0,191.0,555.0,0.0,0.0,0.0,521.0,0.0,0.0,0.0,0.0,0.0,0.0,0.0,0.0
982.0,0.0,0.0,378.0,0.0,0.0,0.0,182.0,551.0,0.0,0.0,0.0,515.0,0.0,0.0,0.0,0.0,0.0,0.0,0.0,0.0
985.0,0.0,0.0,382.0,0.0,0.0,0.0,185.0,551.0,0.0,0.0,0.0,517.0,0.0,0.0,0.0,0.0,0.0,0.0,0.0,0.0
986.0,0.0,0.0,378.0,0.0,0.0,0.0,176.0,547.0,0.0,0.0,0.0,513.0,0.0,0.0,0.0,0.0,0.0,0.0,0.0,0.0
989.0,0.0,0.0,382.0,0.0,0.0,0.0,174.0,552.0,0.0,0.0,0.0,517.0,0.0,0.0,0.0,0.0,0.0,0.0,0.0,0.0
997.0,0.0,0.0,389.0,0.0,0.0,0.0,177.0,559.0,0.0,0.0,0.0,516.0,0.0,0.0,0.0,0.0,0.0,0.0,0.0,0.0
992.0,0.0,0.0,385.0,0.0,0.0,0.0,173.0,551.0,0.0,0.0,0.0,515.0,0.0,0.0,0.0,0.0,0.0,0.0,0.0,0.0
984.0,0.0,0.0,381.0,0.0,0.0,0.0,167.0,549.0,0.0,0.0,0.0,511.0,0.0,0.0,0.0,0.0,0.0,0.0,0.0,0.0
978.0,0.0,0.0,377.0,0.0,0.0,0.0,160.0,546.0,0.0,0.0,0.0,507.0,0.0,0.0,0.0,0.0,0.0,0.0,0.0,0.0
973.0,0.0,0.0,376.0,0.0,0.0,0.0,152.0,544.0,0.0,0.0,0.0,503.0,0.0,0.0,0.0,0.0,0.0,0.0,0.0,0.0
965.0,0.0,0.0,366.0,0.0,0.0,0.0,149.0,540.0,0.0,0.0,0.0,502.0,0.0,0.0,0.0,0.0,0.0,0.0,0.0,0.0
960.0,0.0,0.0,365.0,0.0,0.0,0.0,145.0,535.0,0.0,0.0,0.0,499.0,0.0,0.0,0.0,0.0,0.0,0.0,0.0,0.0
962.0,0.0,0.0,369.0,0.0,0.0,0.0,144.0,536.0,0.0,0.0,0.0,507.0,0.0,0.0,0.0,0.0,0.0,0.0,0.0,0.0
957.0,0.0,0.0,365.0,0.0,0.0,0.0,136.0,532.0,0.0,0.0,0.0,500.0,0.0,0.0,0.0,0.0,0.0,0.0,0.0,0.0
963.0,0.0,0.0,369.0,0.0,0.0,0.0,139.0,538.0,0.0,0.0,0.0,503.0,0.0,0.0,0.0,0.0,0.0,0.0,0.0,0.0
958.0,0.0,0.0,365.0,0.0,0.0,0.0,131.0,534.0,0.0,0.0,0.0,502.0,0.0,0.0,0.0,0.0,0.0,0.0,0.0,0.0
956.0,0.0,0.0,358.0,0.0,0.0,0.0,123.0,527.0,0.0,0.0,0.0,498.0,0.0,0.0,0.0,0.0,0.0,0.0,0.0,0.0
951.0,0.0,0.0,348.0,0.0,0.0,0.0,118.0,524.0,0.0,0.0,0.0,495.0,0.0,0.0,0.0,0.0,0.0,0.0,0.0,0.0
948.0,0.0,0.0,338.0,0.0,0.0,0.0,114.0,522.0,0.0,0.0,0.0,494.0,0.0,0.0,0.0,0.0,0.0,0.0,0.0,0.0
946.0,0.0,0.0,334.0,0.0,0.0,0.0,106.0,517.0,0.0,0.0,0.0,491.0,0.0,0.0,0.0,0.0,0.0,0.0,0.0,0.0
941.0,0.0,0.0,324.0,0.0,0.0,0.0,97.0,513.0,0.0,0.0,0.0,489.0,0.0,0.0,0.0,0.0,0.0,0.0,0.0,0.0
935.0,0.0,0.0,323.0,0.0,0.0,0.0,93.0,511.0,0.0,0.0,0.0,482.0,0.0,0.0,0.0,0.0,0.0,0.0,0.0,0.0
933.0,0.0,0.0,313.0,0.0,0.0,0.0,89.0,506.0,0.0,0.0,0.0,479.0,0.0,0.0,0.0,0.0,0.0,0.0,0.0,0.0
938.0,0.0,0.0,320.0,0.0,0.0,0.0,87.0,512.0,0.0,0.0,0.0,485.0,0.0,0.0,0.0,0.0,0.0,0.0,0.0,0.0
931.0,0.0,0.0,319.0,0.0,0.0,0.0,82.0,510.0,0.0,0.0,0.0,486.0,0.0,0.0,0.0,0.0,0.0,0.0,0.0,0.0
923.0,0.0,0.0,312.0,0.0,0.0,0.0,72.0,509.0,0.0,0.0,0.0,486.0,0.0,0.0,0.0,0.0,0.0,0.0,0.0,0.0
921.0,0.0,0.0,305.0,0.0,0.0,0.0,62.0,501.0,0.0,0.0,0.0,487.0,0.0,0.0,0.0,0.0,0.0,0.0,0.0,0.0
926.0,0.0,0.0,312.0,0.0,0.0,0.0,65.0,507.0,0.0,0.0,0.0,488.0,0.0,0.0,0.0,0.0,0.0,0.0,0.0,0.0
921.0,0.0,0.0,311.0,0.0,0.0,0.0,61.0,498.0,0.0,0.0,0.0,487.0,0.0,0.0,0.0,0.0,0.0,0.0,0.0,0.0
915.0,0.0,0.0,301.0,0.0,0.0,0.0,57.0,494.0,0.0,0.0,0.0,487.0,0.0,0.0,0.0,0.0,0.0,0.0,0.0,0.0
924.0,0.0,0.0,302.0,0.0,0.0,0.0,61.0,495.0,0.0,0.0,0.0,488.0,0.0,0.0,0.0,0.0,0.0,0.0,0.0,0.0
919.0,0.0,0.0,292.0,0.0,0.0,0.0,56.0,491.0,0.0,0.0,0.0,488.0,0.0,0.0,0.0,0.0,0.0,0.0,0.0,0.0
922.0,0.0,0.0,290.0,0.0,0.0,0.0,60.0,496.0,0.0,0.0,0.0,490.0,0.0,0.0,0.0,0.0,0.0,0.0,0.0,0.0
925.0,0.0,0.0,291.0,0.0,0.0,0.0,61.0,504.0,0.0,0.0,0.0,495.0,0.0,0.0,0.0,0.0,0.0,0.0,0.0,0.0
925.0,0.0,0.0,287.0,0.0,0.0,0.0,56.0,502.0,0.0,0.0,0.0,488.0,0.0,0.0,0.0,0.0,0.0,0.0,0.0,0.0
920.0,0.0,0.0,280.0,0.0,0.0,0.0,51.0,495.0,0.0,0.0,0.0,482.0,0.0,0.0,0.0,0.0,0.0,0.0,0.0,0.0
918.0,0.0,0.0,273.0,0.0,0.0,0.0,45.0,492.0,0.0,0.0,0.0,474.0,0.0,0.0,0.0,0.0,0.0,0.0,0.0,0.0
913.0,0.0,0.0,266.0,0.0,0.0,0.0,42.0,488.0,0.0,0.0,0.0,469.0,0.0,0.0,0.0,0.0,0.0,0.0,0.0,0.0
904.0,0.0,0.0,262.0,0.0,0.0,0.0,36.0,486.0,0.0,0.0,0.0,466.0,0.0,0.0,0.0,0.0,0.0,0.0,0.0,0.0
899.0,0.0,0.0,255.0,0.0,0.0,0.0,30.0,482.0,0.0,0.0,0.0,464.0,0.0,0.0,0.0,0.0,0.0,0.0,0.0,0.0
893.0,0.0,0.0,254.0,0.0,0.0,0.0,24.0,480.0,0.0,0.0,0.0,459.0,0.0,0.0,0.0,0.0,0.0,0.0,0.0,0.0
898.0,0.0,0.0,258.0,0.0,0.0,0.0,29.0,487.0,0.0,0.0,0.0,462.0,0.0,0.0,0.0,0.0,0.0,0.0,0.0,0.0
896.0,0.0,0.0,254.0,0.0,0.0,0.0,18.0,483.0,0.0,0.0,0.0,461.0,0.0,0.0,0.0,0.0,0.0,0.0,0.0,0.0
899.0,0.0,0.0,258.0,0.0,0.0,0.0,20.0,490.0,0.0,0.0,0.0,467.0,0.0,0.0,0.0,0.0,0.0,0.0,0.0,0.0
894.0,0.0,0.0,251.0,0.0,0.0,0.0,16.0,486.0,0.0,0.0,0.0,461.0,0.0,0.0,0.0,0.0,0.0,0.0,0.0,0.0
899.0,0.0,0.0,252.0,0.0,0.0,0.0,21.0,488.0,0.0,0.0,0.0,464.0,0.0,0.0,0.0,0.0,0.0,0.0,0.0,0.0
906.0,0.0,0.0,259.0,0.0,0.0,0.0,21.0,492.0,0.0,0.0,0.0,468.0,0.0,0.0,0.0,0.0,0.0,0.0,0.0,0.0
904.0,0.0,0.0,252.0,0.0,0.0,0.0,14.0,488.0,0.0,0.0,0.0,464.0,0.0,0.0,0.0,0.0,0.0,0.0,0.0,0.0
909.0,0.0,0.0,253.0,0.0,0.0,0.0,17.0,490.0,0.0,0.0,0.0,475.0,0.0,0.0,0.0,0.0,0.0,0.0,0.0,0.0
907.0,0.0,0.0,250.0,0.0,0.0,0.0,7.0,482.0,0.0,0.0,0.0,472.0,0.0,0.0,0.0,0.0,0.0,0.0,0.0,0.0
902.0,0.0,0.0,241.0,0.0,0.0,0.0,1.0,472.0,0.0,0.0,0.0,472.0,0.0,0.0,0.0,0.0,0.0,0.0,0.0,0.0
895.0,0.0,0.0,238.0,0.0,0.0,0.0,-5.0,468.0,0.0,0.0,0.0,470.0,0.0,0.0,0.0,0.0,0.0,0.0,0.0,0.0
889.0,0.0,0.0,237.0,0.0,0.0,0.0,0.0,464.0,0.0,0.0,0.0,465.0,0.0,0.0,0.0,0.0,0.0,0.0,0.0,0.0
894.0,0.0,0.0,239.0,0.0,0.0,0.0,0.0,466.0,0.0,0.0,0.0,466.0,0.0,0.0,0.0,0.0,0.0,0.0,0.0,0.0
891.0,0.0,0.0,235.0,0.0,0.0,0.0,0.0,458.0,0.0,0.0,0.0,465.0,0.0,0.0,0.0,0.0,0.0,0.0,0.0,0.0
885.0,0.0,0.0,231.0,0.0,0.0,0.0,0.0,454.0,0.0,0.0,0.0,461.0,0.0,0.0,0.0,0.0,0.0,0.0,0.0,0.0
882.0,0.0,0.0,230.0,0.0,0.0,0.0,0.0,449.0,0.0,0.0,0.0,456.0,0.0,0.0,0.0,0.0,0.0,0.0,0.0,0.0
885.0,0.0,0.0,229.0,0.0,0.0,0.0,0.0,450.0,0.0,0.0,0.0,461.0,0.0,0.0,0.0,0.0,0.0,0.0,0.0,0.0
879.0,0.0,0.0,225.0,0.0,0.0,0.0,0.0,444.0,0.0,0.0,0.0,457.0,0.0,0.0,0.0,0.0,0.0,0.0,0.0,0.0
882.0,0.0,0.0,229.0,0.0,0.0,0.0,0.0,447.0,0.0,0.0,0.0,461.0,0.0,0.0,0.0,0.0,0.0,0.0,0.0,0.0
885.0,0.0,0.0,231.0,0.0,0.0,0.0,0.0,445.0,0.0,0.0,0.0,466.0,0.0,0.0,0.0,0.0,0.0,0.0,0.0,0.0
885.0,0.0,0.0,224.0,0.0,0.0,0.0,0.0,441.0,0.0,0.0,0.0,461.0,0.0,0.0,0.0,0.0,0.0,0.0,0.0,0.0
882.0,0.0,0.0,217.0,0.0,0.0,0.0,0.0,435.0,0.0,0.0,0.0,457.0,0.0,0.0,0.0,0.0,0.0,0.0,0.0,0.0
879.0,0.0,0.0,212.0,0.0,0.0,0.0,0.0,433.0,0.0,0.0,0.0,455.0,0.0,0.0,0.0,0.0,0.0,0.0,0.0,0.0
876.0,0.0,0.0,208.0,0.0,0.0,0.0,0.0,425.0,0.0,0.0,0.0,452.0,0.0,0.0,0.0,0.0,0.0,0.0,0.0,0.0
868.0,0.0,0.0,207.0,0.0,0.0,0.0,0.0,424.0,0.0,0.0,0.0,450.0,0.0,0.0,0.0,0.0,0.0,0.0,0.0,0.0
861.0,0.0,0.0,203.0,0.0,0.0,0.0,0.0,420.0,0.0,0.0,0.0,447.0,0.0,0.0,0.0,0.0,0.0,0.0,0.0,0.0
858.0,0.0,0.0,198.0,0.0,0.0,0.0,0.0,419.0,0.0,0.0,0.0,442.0,0.0,0.0,0.0,0.0,0.0,0.0,0.0,0.0
858.0,0.0,0.0,196.0,0.0,0.0,0.0,0.0,422.0,0.0,0.0,0.0,445.0,0.0,0.0,0.0,0.0,0.0,0.0,0.0,0.0
861.0,0.0,0.0,200.0,0.0,0.0,0.0,0.0,427.0,0.0,0.0,0.0,445.0,0.0,0.0,0.0,0.0,0.0,0.0,0.0,0.0
859.0,0.0,0.0,201.0,0.0,0.0,0.0,0.0,434.0,0.0,0.0,0.0,453.0,0.0,0.0,0.0,0.0,0.0,0.0,0.0,0.0
862.0,0.0,0.0,199.0,0.0,0.0,0.0,0.0,436.0,0.0,0.0,0.0,456.0,0.0,0.0,0.0,0.0,0.0,0.0,0.0,0.0
859.0,0.0,0.0,194.0,0.0,0.0,0.0,0.0,432.0,0.0,0.0,0.0,454.0,0.0,0.0,0.0,0.0,0.0,0.0,0.0,0.0
859.0,0.0,0.0,189.0,0.0,0.0,0.0,0.0,431.0,0.0,0.0,0.0,448.0,0.0,0.0,0.0,0.0,0.0,0.0,0.0,0.0
865.0,0.0,0.0,187.0,0.0,0.0,0.0,0.0,433.0,0.0,0.0,0.0,450.0,0.0,0.0,0.0,0.0,0.0,0.0,0.0,0.0
871.0,0.0,0.0,188.0,0.0,0.0,0.0,0.0,433.0,0.0,0.0,0.0,455.0,0.0,0.0,0.0,0.0,0.0,0.0,0.0,0.0
868.0,0.0,0.0,183.0,0.0,0.0,0.0,0.0,431.0,0.0,0.0,0.0,453.0,0.0,0.0,0.0,0.0,0.0,0.0,0.0,0.0
862.0,0.0,0.0,178.0,0.0,0.0,0.0,0.0,430.0,0.0,0.0,0.0,449.0,0.0,0.0,0.0,0.0,0.0,0.0,0.0,0.0
865.0,0.0,0.0,182.0,0.0,0.0,0.0,0.0,435.0,0.0,0.0,0.0,449.0,0.0,0.0,0.0,0.0,0.0,0.0,0.0,0.0
868.0,0.0,0.0,183.0,0.0,0.0,0.0,0.0,439.0,0.0,0.0,0.0,453.0,0.0,0.0,0.0,0.0,0.0,0.0,0.0,0.0
871.0,0.0,0.0,187.0,0.0,0.0,0.0,0.0,442.0,0.0,0.0,0.0,457.0,0.0,0.0,0.0,0.0,0.0,0.0,0.0,0.0
874.0,0.0,0.0,188.0,0.0,0.0,0.0,0.0,443.0,0.0,0.0,0.0,460.0,0.0,0.0,0.0,0.0,0.0,0.0,0.0,0.0
871.0,0.0,0.0,183.0,0.0,0.0,0.0,0.0,438.0,0.0,0.0,0.0,459.0,0.0,0.0,0.0,0.0,0.0,0.0,0.0,0.0
874.0,0.0,0.0,184.0,0.0,0.0,0.0,0.0,442.0,0.0,0.0,0.0,463.0,0.0,0.0,0.0,0.0,0.0,0.0,0.0,0.0
871.0,0.0,0.0,183.0,0.0,0.0,0.0,0.0,433.0,0.0,0.0,0.0,462.0,0.0,0.0,0.0,0.0,0.0,0.0,0.0,0.0
877.0,0.0,0.0,185.0,0.0,0.0,0.0,0.0,434.0,0.0,0.0,0.0,465.0,0.0,0.0,0.0,0.0,0.0,0.0,0.0,0.0
880.0,0.0,0.0,187.0,0.0,0.0,0.0,0.0,432.0,0.0,0.0,0.0,470.0,0.0,0.0,0.0,0.0,0.0,0.0,0.0,0.0
874.0,0.0,0.0,183.0,0.0,0.0,0.0,0.0,429.0,0.0,0.0,0.0,465.0,0.0,0.0,0.0,0.0,0.0,0.0,0.0,0.0
871.0,0.0,0.0,176.0,0.0,0.0,0.0,0.0,425.0,0.0,0.0,0.0,461.0,0.0,0.0,0.0,0.0,0.0,0.0,0.0,0.0
865.0,0.0,0.0,172.0,0.0,0.0,0.0,0.0,419.0,0.0,0.0,0.0,457.0,0.0,0.0,0.0,0.0,0.0,0.0,0.0,0.0
867.0,0.0,0.0,170.0,0.0,0.0,0.0,0.0,426.0,0.0,0.0,0.0,462.0,0.0,0.0,0.0,0.0,0.0,0.0,0.0,0.0
873.0,0.0,0.0,171.0,0.0,0.0,0.0,0.0,430.0,0.0,0.0,0.0,465.0,0.0,0.0,0.0,0.0,0.0,0.0,0.0,0.0
870.0,0.0,0.0,170.0,0.0,0.0,0.0,0.0,421.0,0.0,0.0,0.0,464.0,0.0,0.0,0.0,0.0,0.0,0.0,0.0,0.0
873.0,0.0,0.0,175.0,0.0,0.0,0.0,0.0,419.0,0.0,0.0,0.0,466.0,0.0,0.0,0.0,0.0,0.0,0.0,0.0,0.0
873.0,0.0,0.0,168.0,0.0,0.0,0.0,0.0,411.0,0.0,0.0,0.0,465.0,0.0,0.0,0.0,0.0,0.0,0.0,0.0,0.0
876.0,0.0,0.0,167.0,0.0,0.0,0.0,0.0,414.0,0.0,0.0,0.0,466.0,0.0,0.0,0.0,0.0,0.0,0.0,0.0,0.0
870.0,0.0,0.0,160.0,0.0,0.0,0.0,0.0,411.0,0.0,0.0,0.0,462.0,0.0,0.0,0.0,0.0,0.0,0.0,0.0,0.0
870.0,0.0,0.0,152.0,0.0,0.0,0.0,0.0,407.0,0.0,0.0,0.0,458.0,0.0,0.0,0.0,0.0,0.0,0.0,0.0,0.0
864.0,0.0,0.0,150.0,0.0,0.0,0.0,0.0,406.0,0.0,0.0,0.0,453.0,0.0,0.0,0.0,0.0,0.0,0.0,0.0,0.0
867.0,0.0,0.0,151.0,0.0,0.0,0.0,0.0,407.0,0.0,0.0,0.0,458.0,0.0,0.0,0.0,0.0,0.0,0.0,0.0,0.0
863.0,0.0,0.0,149.0,0.0,0.0,0.0,0.0,402.0,0.0,0.0,0.0,457.0,0.0,0.0,0.0,0.0,0.0,0.0,0.0,0.0
859.0,0.0,0.0,147.0,0.0,0.0,0.0,0.0,399.0,0.0,0.0,0.0,456.0,0.0,0.0,0.0,0.0,0.0,0.0,0.0,0.0
856.0,0.0,0.0,143.0,0.0,0.0,0.0,0.0,392.0,0.0,0.0,0.0,454.0,0.0,0.0,0.0,0.0,0.0,0.0,0.0,0.0
859.0,0.0,0.0,142.0,0.0,0.0,0.0,0.0,391.0,0.0,0.0,0.0,457.0,0.0,0.0,0.0,0.0,0.0,0.0,0.0,0.0
852.0,0.0,0.0,135.0,0.0,0.0,0.0,0.0,388.0,0.0,0.0,0.0,454.0,0.0,0.0,0.0,0.0,0.0,0.0,0.0,0.0
854.0,0.0,0.0,142.0,0.0,0.0,0.0,0.0,389.0,0.0,0.0,0.0,458.0,0.0,0.0,0.0,0.0,0.0,0.0,0.0,0.0
854.0,0.0,0.0,134.0,0.0,0.0,0.0,0.0,385.0,0.0,0.0,0.0,454.0,0.0,0.0,0.0,0.0,0.0,0.0,0.0,0.0
846.0,0.0,0.0,132.0,0.0,0.0,0.0,0.0,380.0,0.0,0.0,0.0,457.0,0.0,0.0,0.0,0.0,0.0,0.0,0.0,0.0
845.0,0.0,0.0,124.0,0.0,0.0,0.0,0.0,378.0,0.0,0.0,0.0,458.0,0.0,0.0,0.0,0.0,0.0,0.0,0.0,0.0
842.0,0.0,0.0,116.0,0.0,0.0,0.0,0.0,376.0,0.0,0.0,0.0,457.0,0.0,0.0,0.0,0.0,0.0,0.0,0.0,0.0
845.0,0.0,0.0,118.0,0.0,0.0,0.0,0.0,377.0,0.0,0.0,0.0,461.0,0.0,0.0,0.0,0.0,0.0,0.0,0.0,0.0
839.0,0.0,0.0,111.0,0.0,0.0,0.0,0.0,374.0,0.0,0.0,0.0,457.0,0.0,0.0,0.0,0.0,0.0,0.0,0.0,0.0
839.0,0.0,0.0,112.0,0.0,0.0,0.0,0.0,376.0,0.0,0.0,0.0,462.0,0.0,0.0,0.0,0.0,0.0,0.0,0.0,0.0
838.0,0.0,0.0,119.0,0.0,0.0,0.0,0.0,380.0,0.0,0.0,0.0,466.0,0.0,0.0,0.0,0.0,0.0,0.0,0.0,0.0
834.0,0.0,0.0,117.0,0.0,0.0,0.0,0.0,375.0,0.0,0.0,0.0,465.0,0.0,0.0,0.0,0.0,0.0,0.0,0.0,0.0
837.0,0.0,0.0,115.0,0.0,0.0,0.0,0.0,381.0,0.0,0.0,0.0,466.0,0.0,0.0,0.0,0.0,0.0,0.0,0.0,0.0
840.0,0.0,0.0,116.0,0.0,0.0,0.0,0.0,384.0,0.0,0.0,0.0,471.0,0.0,0.0,0.0,0.0,0.0,0.0,0.0,0.0
837.0,0.0,0.0,108.0,0.0,0.0,0.0,0.0,383.0,0.0,0.0,0.0,467.0,0.0,0.0,0.0,0.0,0.0,0.0,0.0,0.0
834.0,0.0,0.0,100.0,0.0,0.0,0.0,0.0,379.0,0.0,0.0,0.0,464.0,0.0,0.0,0.0,0.0,0.0,0.0,0.0,0.0
831.0,0.0,0.0,95.0,0.0,0.0,0.0,0.0,377.0,0.0,0.0,0.0,460.0,0.0,0.0,0.0,0.0,0.0,0.0,0.0,0.0
825.0,0.0,0.0,90.0,0.0,0.0,0.0,0.0,376.0,0.0,0.0,0.0,456.0,0.0,0.0,0.0,0.0,0.0,0.0,0.0,0.0
825.0,0.0,0.0,85.0,0.0,0.0,0.0,0.0,371.0,0.0,0.0,0.0,452.0,0.0,0.0,0.0,0.0,0.0,0.0,0.0,0.0
821.0,0.0,0.0,77.0,0.0,0.0,0.0,0.0,373.0,0.0,0.0,0.0,450.0,0.0,0.0,0.0,0.0,0.0,0.0,0.0,0.0
821.0,0.0,0.0,81.0,0.0,0.0,0.0,0.0,374.0,0.0,0.0,0.0,455.0,0.0,0.0,0.0,0.0,0.0,0.0,0.0,0.0
824.0,0.0,0.0,85.0,0.0,0.0,0.0,0.0,378.0,0.0,0.0,0.0,456.0,0.0,0.0,0.0,0.0,0.0,0.0,0.0,0.0
821.0,0.0,0.0,80.0,0.0,0.0,0.0,0.0,373.0,0.0,0.0,0.0,455.0,0.0,0.0,0.0,0.0,0.0,0.0,0.0,0.0
824.0,0.0,0.0,79.0,0.0,0.0,0.0,0.0,376.0,0.0,0.0,0.0,456.0,0.0,0.0,0.0,0.0,0.0,0.0,0.0,0.0
821.0,0.0,0.0,74.0,0.0,0.0,0.0,0.0,374.0,0.0,0.0,0.0,452.0,0.0,0.0,0.0,0.0,0.0,0.0,0.0,0.0
821.0,0.0,0.0,66.0,0.0,0.0,0.0,0.0,370.0,0.0,0.0,0.0,448.0,0.0,0.0,0.0,0.0,0.0,0.0,0.0,0.0
815.0,0.0,0.0,61.0,0.0,0.0,0.0,0.0,366.0,0.0,0.0,0.0,445.0,0.0,0.0,0.0,0.0,0.0,0.0,0.0,0.0
812.0,0.0,0.0,56.0,0.0,0.0,0.0,0.0,360.0,0.0,0.0,0.0,445.0,0.0,0.0,0.0,0.0,0.0,0.0,0.0,0.0
815.0,0.0,0.0,57.0,0.0,0.0,0.0,0.0,364.0,0.0,0.0,0.0,447.0,0.0,0.0,0.0,0.0,0.0,0.0,0.0,0.0
812.0,0.0,0.0,50.0,0.0,0.0,0.0,0.0,361.0,0.0,0.0,0.0,442.0,0.0,0.0,0.0,0.0,0.0,0.0,0.0,0.0
809.0,0.0,0.0,45.0,0.0,0.0,0.0,0.0,360.0,0.0,0.0,0.0,437.0,0.0,0.0,0.0,0.0,0.0,0.0,0.0,0.0
812.0,0.0,0.0,46.0,0.0,0.0,0.0,0.0,362.0,0.0,0.0,0.0,439.0,0.0,0.0,0.0,0.0,0.0,0.0,0.0,0.0
809.0,0.0,0.0,44.0,0.0,0.0,0.0,0.0,359.0,0.0,0.0,0.0,437.0,0.0,0.0,0.0,0.0,0.0,0.0,0.0,0.0
806.0,0.0,0.0,36.0,0.0,0.0,0.0,0.0,358.0,0.0,0.0,0.0,433.0,0.0,0.0,0.0,0.0,0.0,0.0,0.0,0.0
799.0,0.0,0.0,37.0,0.0,0.0,0.0,0.0,354.0,0.0,0.0,0.0,429.0,0.0,0.0,0.0,0.0,0.0,0.0,0.0,0.0
796.0,0.0,0.0,29.0,0.0,0.0,0.0,0.0,349.0,0.0,0.0,0.0,429.0,0.0,0.0,0.0,0.0,0.0,0.0,0.0,0.0
802.0,0.0,0.0,33.0,0.0,0.0,0.0,0.0,349.0,0.0,0.0,0.0,433.0,0.0,0.0,0.0,0.0,0.0,0.0,0.0,0.0
805.0,0.0,0.0,38.0,0.0,0.0,0.0,0.0,346.0,0.0,0.0,0.0,438.0,0.0,0.0,0.0,0.0,0.0,0.0,0.0,0.0
798.0,0.0,0.0,37.0,0.0,0.0,0.0,0.0,342.0,0.0,0.0,0.0,436.0,0.0,0.0,0.0,0.0,0.0,0.0,0.0,0.0
798.0,0.0,0.0,36.0,0.0,0.0,0.0,0.0,336.0,0.0,0.0,0.0,433.0,0.0,0.0,0.0,0.0,0.0,0.0,0.0,0.0
798.0,0.0,0.0,38.0,0.0,0.0,0.0,0.0,334.0,0.0,0.0,0.0,439.0,0.0,0.0,0.0,0.0,0.0,0.0,0.0,0.0
801.0,0.0,0.0,40.0,0.0,0.0,0.0,0.0,336.0,0.0,0.0,0.0,440.0,0.0,0.0,0.0,0.0,0.0,0.0,0.0,0.0
798.0,0.0,0.0,36.0,0.0,0.0,0.0,0.0,332.0,0.0,0.0,0.0,435.0,0.0,0.0,0.0,0.0,0.0,0.0,0.0,0.0
792.0,0.0,0.0,35.0,0.0,0.0,0.0,0.0,328.0,0.0,0.0,0.0,430.0,0.0,0.0,0.0,0.0,0.0,0.0,0.0,0.0
789.0,0.0,0.0,28.0,0.0,0.0,0.0,0.0,321.0,0.0,0.0,0.0,429.0,0.0,0.0,0.0,0.0,0.0,0.0,0.0,0.0
789.0,0.0,0.0,21.0,0.0,0.0,0.0,0.0,317.0,0.0,0.0,0.0,424.0,0.0,0.0,0.0,0.0,0.0,0.0,0.0,0.0
792.0,0.0,0.0,23.0,0.0,0.0,0.0,0.0,315.0,0.0,0.0,0.0,429.0,0.0,0.0,0.0,0.0,0.0,0.0,0.0,0.0
789.0,0.0,0.0,19.0,0.0,0.0,0.0,0.0,307.0,0.0,0.0,0.0,428.0,0.0,0.0,0.0,0.0,0.0,0.0,0.0,0.0
785.0,0.0,0.0,15.0,0.0,0.0,0.0,0.0,305.0,0.0,0.0,0.0,426.0,0.0,0.0,0.0,0.0,0.0,0.0,0.0,0.0
779.0,0.0,0.0,14.0,0.0,0.0,0.0,0.0,298.0,0.0,0.0,0.0,422.0,0.0,0.0,0.0,0.0,0.0,0.0,0.0,0.0
779.0,0.0,0.0,7.0,0.0,0.0,0.0,0.0,291.0,0.0,0.0,0.0,418.0,0.0,0.0,0.0,0.0,0.0,0.0,0.0,0.0
773.0,0.0,0.0,3.0,0.0,0.0,0.0,0.0,283.0,0.0,0.0,0.0,418.0,0.0,0.0,0.0,0.0,0.0,0.0,0.0,0.0
770.0,0.0,0.0,-1.0,0.0,0.0,0.0,0.0,275.0,0.0,0.0,0.0,415.0,0.0,0.0,0.0,0.0,0.0,0.0,0.0,0.0
769.0,0.0,0.0,0.0,0.0,0.0,0.0,0.0,273.0,0.0,0.0,0.0,410.0,0.0,0.0,0.0,0.0,0.0,0.0,0.0,0.0
768.0,0.0,0.0,0.0,0.0,0.0,0.0,0.0,269.0,0.0,0.0,0.0,405.0,0.0,0.0,0.0,0.0,0.0,0.0,0.0,0.0
764.0,0.0,0.0,0.0,0.0,0.0,0.0,0.0,265.0,0.0,0.0,0.0,401.0,0.0,0.0,0.0,0.0,0.0,0.0,0.0,0.0
767.0,0.0,0.0,0.0,0.0,0.0,0.0,0.0,268.0,0.0,0.0,0.0,399.0,0.0,0.0,0.0,0.0,0.0,0.0,0.0,0.0
773.0,0.0,0.0,0.0,0.0,0.0,0.0,0.0,270.0,0.0,0.0,0.0,397.0,0.0,0.0,0.0,0.0,0.0,0.0,0.0,0.0
769.0,0.0,0.0,0.0,0.0,0.0,0.0,0.0,268.0,0.0,0.0,0.0,395.0,0.0,0.0,0.0,0.0,0.0,0.0,0.0,0.0
768.0,0.0,0.0,0.0,0.0,0.0,0.0,0.0,263.0,0.0,0.0,0.0,391.0,0.0,0.0,0.0,0.0,0.0,0.0,0.0,0.0
771.0,0.0,0.0,0.0,0.0,0.0,0.0,0.0,261.0,0.0,0.0,0.0,394.0,0.0,0.0,0.0,0.0,0.0,0.0,0.0,0.0
774.0,0.0,0.0,0.0,0.0,0.0,0.0,0.0,262.0,0.0,0.0,0.0,396.0,0.0,0.0,0.0,0.0,0.0,0.0,0.0,0.0
770.0,0.0,0.0,0.0,0.0,0.0,0.0,0.0,258.0,0.0,0.0,0.0,392.0,0.0,0.0,0.0,0.0,0.0,0.0,0.0,0.0
769.0,0.0,0.0,0.0,0.0,0.0,0.0,0.0,256.0,0.0,0.0,0.0,387.0,0.0,0.0,0.0,0.0,0.0,0.0,0.0,0.0
768.0,0.0,0.0,0.0,0.0,0.0,0.0,0.0,254.0,0.0,0.0,0.0,382.0,0.0,0.0,0.0,0.0,0.0,0.0,0.0,0.0
764.0,0.0,0.0,0.0,0.0,0.0,0.0,0.0,252.0,0.0,0.0,0.0,380.0,0.0,0.0,0.0,0.0,0.0,0.0,0.0,0.0
767.0,0.0,0.0,0.0,0.0,0.0,0.0,0.0,254.0,0.0,0.0,0.0,379.0,0.0,0.0,0.0,0.0,0.0,0.0,0.0,0.0
763.0,0.0,0.0,0.0,0.0,0.0,0.0,0.0,249.0,0.0,0.0,0.0,378.0,0.0,0.0,0.0,0.0,0.0,0.0,0.0,0.0
762.0,0.0,0.0,0.0,0.0,0.0,0.0,0.0,247.0,0.0,0.0,0.0,373.0,0.0,0.0,0.0,0.0,0.0,0.0,0.0,0.0
761.0,0.0,0.0,0.0,0.0,0.0,0.0,0.0,246.0,0.0,0.0,0.0,367.0,0.0,0.0,0.0,0.0,0.0,0.0,0.0,0.0
763.0,0.0,0.0,0.0,0.0,0.0,0.0,0.0,244.0,0.0,0.0,0.0,361.0,0.0,0.0,0.0,0.0,0.0,0.0,0.0,0.0
759.0,0.0,0.0,0.0,0.0,0.0,0.0,0.0,239.0,0.0,0.0,0.0,360.0,0.0,0.0,0.0,0.0,0.0,0.0,0.0,0.0
758.0,0.0,0.0,0.0,0.0,0.0,0.0,0.0,234.0,0.0,0.0,0.0,356.0,0.0,0.0,0.0,0.0,0.0,0.0,0.0,0.0
754.0,0.0,0.0,0.0,0.0,0.0,0.0,0.0,230.0,0.0,0.0,0.0,352.0,0.0,0.0,0.0,0.0,0.0,0.0,0.0,0.0
754.0,0.0,0.0,0.0,0.0,0.0,0.0,0.0,232.0,0.0,0.0,0.0,354.0,0.0,0.0,0.0,0.0,0.0,0.0,0.0,0.0
753.0,0.0,0.0,0.0,0.0,0.0,0.0,0.0,227.0,0.0,0.0,0.0,352.0,0.0,0.0,0.0,0.0,0.0,0.0,0.0,0.0
759.0,0.0,0.0,0.0,0.0,0.0,0.0,0.0,225.0,0.0,0.0,0.0,354.0,0.0,0.0,0.0,0.0,0.0,0.0,0.0,0.0
762.0,0.0,0.0,0.0,0.0,0.0,0.0,0.0,226.0,0.0,0.0,0.0,356.0,0.0,0.0,0.0,0.0,0.0,0.0,0.0,0.0
764.0,0.0,0.0,0.0,0.0,0.0,0.0,0.0,223.0,0.0,0.0,0.0,353.0,0.0,0.0,0.0,0.0,0.0,0.0,0.0,0.0
760.0,0.0,0.0,0.0,0.0,0.0,0.0,0.0,221.0,0.0,0.0,0.0,351.0,0.0,0.0,0.0,0.0,0.0,0.0,0.0,0.0
763.0,0.0,0.0,0.0,0.0,0.0,0.0,0.0,223.0,0.0,0.0,0.0,352.0,0.0,0.0,0.0,0.0,0.0,0.0,0.0,0.0
762.0,0.0,0.0,0.0,0.0,0.0,0.0,0.0,221.0,0.0,0.0,0.0,349.0,0.0,0.0,0.0,0.0,0.0,0.0,0.0,0.0
761.0,0.0,0.0,0.0,0.0,0.0,0.0,0.0,217.0,0.0,0.0,0.0,344.0,0.0,0.0,0.0,0.0,0.0,0.0,0.0,0.0
760.0,0.0,0.0,0.0,0.0,0.0,0.0,0.0,215.0,0.0,0.0,0.0,341.0,0.0,0.0,0.0,0.0,0.0,0.0,0.0,0.0
759.0,0.0,0.0,0.0,0.0,0.0,0.0,0.0,214.0,0.0,0.0,0.0,335.0,0.0,0.0,0.0,0.0,0.0,0.0,0.0,0.0
755.0,0.0,0.0,0.0,0.0,0.0,0.0,0.0,212.0,0.0,0.0,0.0,333.0,0.0,0.0,0.0,0.0,0.0,0.0,0.0,0.0
754.0,0.0,0.0,0.0,0.0,0.0,0.0,0.0,207.0,0.0,0.0,0.0,331.0,0.0,0.0,0.0,0.0,0.0,0.0,0.0,0.0
754.0,0.0,0.0,0.0,0.0,0.0,0.0,0.0,210.0,0.0,0.0,0.0,330.0,0.0,0.0,0.0,0.0,0.0,0.0,0.0,0.0
753.0,0.0,0.0,0.0,0.0,0.0,0.0,0.0,207.0,0.0,0.0,0.0,328.0,0.0,0.0,0.0,0.0,0.0,0.0,0.0,0.0
752.0,0.0,0.0,0.0,0.0,0.0,0.0,0.0,203.0,0.0,0.0,0.0,323.0,0.0,0.0,0.0,0.0,0.0,0.0,0.0,0.0
755.0,0.0,0.0,0.0,0.0,0.0,0.0,0.0,205.0,0.0,0.0,0.0,324.0,0.0,0.0,0.0,0.0,0.0,0.0,0.0,0.0
758.0,0.0,0.0,0.0,0.0,0.0,0.0,0.0,203.0,0.0,0.0,0.0,327.0,0.0,0.0,0.0,0.0,0.0,0.0,0.0,0.0
760.0,0.0,0.0,0.0,0.0,0.0,0.0,0.0,197.0,0.0,0.0,0.0,325.0,0.0,0.0,0.0,0.0,0.0,0.0,0.0,0.0
759.0,0.0,0.0,0.0,0.0,0.0,0.0,0.0,193.0,0.0,0.0,0.0,320.0,0.0,0.0,0.0,0.0,0.0,0.0,0.0,0.0
755.0,0.0,0.0,0.0,0.0,0.0,0.0,0.0,189.0,0.0,0.0,0.0,316.0,0.0,0.0,0.0,0.0,0.0,0.0,0.0,0.0
754.0,0.0,0.0,0.0,0.0,0.0,0.0,0.0,185.0,0.0,0.0,0.0,311.0,0.0,0.0,0.0,0.0,0.0,0.0,0.0,0.0
753.0,0.0,0.0,0.0,0.0,0.0,0.0,0.0,182.0,0.0,0.0,0.0,309.0,0.0,0.0,0.0,0.0,0.0,0.0,0.0,0.0
759.0,0.0,0.0,0.0,0.0,0.0,0.0,0.0,184.0,0.0,0.0,0.0,307.0,0.0,0.0,0.0,0.0,0.0,0.0,0.0,0.0
758.0,0.0,0.0,0.0,0.0,0.0,0.0,0.0,182.0,0.0,0.0,0.0,304.0,0.0,0.0,0.0,0.0,0.0,0.0,0.0,0.0
764.0,0.0,0.0,0.0,0.0,0.0,0.0,0.0,180.0,0.0,0.0,0.0,306.0,0.0,0.0,0.0,0.0,0.0,0.0,0.0,0.0
760.0,0.0,0.0,0.0,0.0,0.0,0.0,0.0,178.0,0.0,0.0,0.0,304.0,0.0,0.0,0.0,0.0,0.0,0.0,0.0,0.0
756.0,0.0,0.0,0.0,0.0,0.0,0.0,0.0,174.0,0.0,0.0,0.0,300.0,0.0,0.0,0.0,0.0,0.0,0.0,0.0,0.0
752.0,0.0,0.0,0.0,0.0,0.0,0.0,0.0,170.0,0.0,0.0,0.0,296.0,0.0,0.0,0.0,0.0,0.0,0.0,0.0,0.0
755.0,0.0,0.0,0.0,0.0,0.0,0.0,0.0,172.0,0.0,0.0,0.0,297.0,0.0,0.0,0.0,0.0,0.0,0.0,0.0,0.0
754.0,0.0,0.0,0.0,0.0,0.0,0.0,0.0,170.0,0.0,0.0,0.0,292.0,0.0,0.0,0.0,0.0,0.0,0.0,0.0,0.0
757.0,0.0,0.0,0.0,0.0,0.0,0.0,0.0,169.0,0.0,0.0,0.0,292.0,0.0,0.0,0.0,0.0,0.0,0.0,0.0,0.0
759.0,0.0,0.0,0.0,0.0,0.0,0.0,0.0,166.0,0.0,0.0,0.0,289.0,0.0,0.0,0.0,0.0,0.0,0.0,0.0,0.0
762.0,0.0,0.0,0.0,0.0,0.0,0.0,0.0,168.0,0.0,0.0,0.0,290.0,0.0,0.0,0.0,0.0,0.0,0.0,0.0,0.0
761.0,0.0,0.0,0.0,0.0,0.0,0.0,0.0,162.0,0.0,0.0,0.0,289.0,0.0,0.0,0.0,0.0,0.0,0.0,0.0,0.0
757.0,0.0,0.0,0.0,0.0,0.0,0.0,0.0,157.0,0.0,0.0,0.0,288.0,0.0,0.0,0.0,0.0,0.0,0.0,0.0,0.0
759.0,0.0,0.0,0.0,0.0,0.0,0.0,0.0,152.0,0.0,0.0,0.0,283.0,0.0,0.0,0.0,0.0,0.0,0.0,0.0,0.0
765.0,0.0,0.0,0.0,0.0,0.0,0.0,0.0,153.0,0.0,0.0,0.0,284.0,0.0,0.0,0.0,0.0,0.0,0.0,0.0,0.0
761.0,0.0,0.0,0.0,0.0,0.0,0.0,0.0,148.0,0.0,0.0,0.0,283.0,0.0,0.0,0.0,0.0,0.0,0.0,0.0,0.0
761.0,0.0,0.0,0.0,0.0,0.0,0.0,0.0,150.0,0.0,0.0,0.0,285.0,0.0,0.0,0.0,0.0,0.0,0.0,0.0,0.0
760.0,0.0,0.0,0.0,0.0,0.0,0.0,0.0,146.0,0.0,0.0,0.0,280.0,0.0,0.0,0.0,0.0,0.0,0.0,0.0,0.0
756.0,0.0,0.0,0.0,0.0,0.0,0.0,0.0,142.0,0.0,0.0,0.0,276.0,0.0,0.0,0.0,0.0,0.0,0.0,0.0,0.0
756.0,0.0,0.0,0.0,0.0,0.0,0.0,0.0,145.0,0.0,0.0,0.0,275.0,0.0,0.0,0.0,0.0,0.0,0.0,0.0,0.0
759.0,0.0,0.0,0.0,0.0,0.0,0.0,0.0,144.0,0.0,0.0,0.0,277.0,0.0,0.0,0.0,0.0,0.0,0.0,0.0,0.0
761.0,0.0,0.0,0.0,0.0,0.0,0.0,0.0,142.0,0.0,0.0,0.0,271.0,0.0,0.0,0.0,0.0,0.0,0.0,0.0,0.0
757.0,0.0,0.0,0.0,0.0,0.0,0.0,0.0,141.0,0.0,0.0,0.0,266.0,0.0,0.0,0.0,0.0,0.0,0.0,0.0,0.0
756.0,0.0,0.0,0.0,0.0,0.0,0.0,0.0,136.0,0.0,0.0,0.0,264.0,0.0,0.0,0.0,0.0,0.0,0.0,0.0,0.0
762.0,0.0,0.0,0.0,0.0,0.0,0.0,0.0,137.0,0.0,0.0,0.0,265.0,0.0,0.0,0.0,0.0,0.0,0.0,0.0,0.0
758.0,0.0,0.0,0.0,0.0,0.0,0.0,0.0,136.0,0.0,0.0,0.0,260.0,0.0,0.0,0.0,0.0,0.0,0.0,0.0,0.0
757.0,0.0,0.0,0.0,0.0,0.0,0.0,0.0,135.0,0.0,0.0,0.0,254.0,0.0,0.0,0.0,0.0,0.0,0.0,0.0,0.0
753.0,0.0,0.0,0.0,0.0,0.0,0.0,0.0,130.0,0.0,0.0,0.0,253.0,0.0,0.0,0.0,0.0,0.0,0.0,0.0,0.0
752.0,0.0,0.0,0.0,0.0,0.0,0.0,0.0,128.0,0.0,0.0,0.0,248.0,0.0,0.0,0.0,0.0,0.0,0.0,0.0,0.0
751.0,0.0,0.0,0.0,0.0,0.0,0.0,0.0,123.0,0.0,0.0,0.0,244.0,0.0,0.0,0.0,0.0,0.0,0.0,0.0,0.0
757.0,0.0,0.0,0.0,0.0,0.0,0.0,0.0,125.0,0.0,0.0,0.0,242.0,0.0,0.0,0.0,0.0,0.0,0.0,0.0,0.0
756.0,0.0,0.0,0.0,0.0,0.0,0.0,0.0,119.0,0.0,0.0,0.0,241.0,0.0,0.0,0.0,0.0,0.0,0.0,0.0,0.0
752.0,0.0,0.0,0.0,0.0,0.0,0.0,0.0,118.0,0.0,0.0,0.0,236.0,0.0,0.0,0.0,0.0,0.0,0.0,0.0,0.0
751.0,0.0,0.0,0.0,0.0,0.0,0.0,0.0,113.0,0.0,0.0,0.0,232.0,0.0,0.0,0.0,0.0,0.0,0.0,0.0,0.0
754.0,0.0,0.0,0.0,0.0,0.0,0.0,0.0,112.0,0.0,0.0,0.0,232.0,0.0,0.0,0.0,0.0,0.0,0.0,0.0,0.0
760.0,0.0,0.0,0.0,0.0,0.0,0.0,0.0,110.0,0.0,0.0,0.0,234.0,0.0,0.0,0.0,0.0,0.0,0.0,0.0,0.0
756.0,0.0,0.0,0.0,0.0,0.0,0.0,0.0,105.0,0.0,0.0,0.0,233.0,0.0,0.0,0.0,0.0,0.0,0.0,0.0,0.0
755.0,0.0,0.0,0.0,0.0,0.0,0.0,0.0,104.0,0.0,0.0,0.0,227.0,0.0,0.0,0.0,0.0,0.0,0.0,0.0,0.0
754.0,0.0,0.0,0.0,0.0,0.0,0.0,0.0,102.0,0.0,0.0,0.0,222.0,0.0,0.0,0.0,0.0,0.0,0.0,0.0,0.0
753.0,0.0,0.0,0.0,0.0,0.0,0.0,0.0,97.0,0.0,0.0,0.0,218.0,0.0,0.0,0.0,0.0,0.0,0.0,0.0,0.0
759.0,0.0,0.0,0.0,0.0,0.0,0.0,0.0,95.0,0.0,0.0,0.0,220.0,0.0,0.0,0.0,0.0,0.0,0.0,0.0,0.0
762.0,0.0,0.0,0.0,0.0,0.0,0.0,0.0,95.0,0.0,0.0,0.0,219.0,0.0,0.0,0.0,0.0,0.0,0.0,0.0,0.0
768.0,0.0,0.0,0.0,0.0,0.0,0.0,0.0,93.0,0.0,0.0,0.0,221.0,0.0,0.0,0.0,0.0,0.0,0.0,0.0,0.0
774.0,0.0,0.0,0.0,0.0,0.0,0.0,0.0,94.0,0.0,0.0,0.0,222.0,0.0,0.0,0.0,0.0,0.0,0.0,0.0,0.0
777.0,0.0,0.0,0.0,0.0,0.0,0.0,0.0,96.0,0.0,0.0,0.0,221.0,0.0,0.0,0.0,0.0,0.0,0.0,0.0,0.0
779.0,0.0,0.0,0.0,0.0,0.0,0.0,0.0,94.0,0.0,0.0,0.0,215.0,0.0,0.0,0.0,0.0,0.0,0.0,0.0,0.0
775.0,0.0,0.0,0.0,0.0,0.0,0.0,0.0,93.0,0.0,0.0,0.0,210.0,0.0,0.0,0.0,0.0,0.0,0.0,0.0,0.0
771.0,0.0,0.0,0.0,0.0,0.0,0.0,0.0,89.0,0.0,0.0,0.0,206.0,0.0,0.0,0.0,0.0,0.0,0.0,0.0,0.0
770.0,0.0,0.0,0.0,0.0,0.0,0.0,0.0,86.0,0.0,0.0,0.0,204.0,0.0,0.0,0.0,0.0,0.0,0.0,0.0,0.0
776.0,0.0,0.0,0.0,0.0,0.0,0.0,0.0,87.0,0.0,0.0,0.0,205.0,0.0,0.0,0.0,0.0,0.0,0.0,0.0,0.0
772.0,0.0,0.0,0.0,0.0,0.0,0.0,0.0,86.0,0.0,0.0,0.0,200.0,0.0,0.0,0.0,0.0,0.0,0.0,0.0,0.0
774.0,0.0,0.0,0.0,0.0,0.0,0.0,0.0,80.0,0.0,0.0,0.0,198.0,0.0,0.0,0.0,0.0,0.0,0.0,0.0,0.0
773.0,0.0,0.0,0.0,0.0,0.0,0.0,0.0,74.0,0.0,0.0,0.0,197.0,0.0,0.0,0.0,0.0,0.0,0.0,0.0,0.0
772.0,0.0,0.0,0.0,0.0,0.0,0.0,0.0,69.0,0.0,0.0,0.0,195.0,0.0,0.0,0.0,0.0,0.0,0.0,0.0,0.0
771.0,0.0,0.0,0.0,0.0,0.0,0.0,0.0,65.0,0.0,0.0,0.0,190.0,0.0,0.0,0.0,0.0,0.0,0.0,0.0,0.0
770.0,0.0,0.0,0.0,0.0,0.0,0.0,0.0,59.0,0.0,0.0,0.0,189.0,0.0,0.0,0.0,0.0,0.0,0.0,0.0,0.0
769.0,0.0,0.0,0.0,0.0,0.0,0.0,0.0,54.0,0.0,0.0,0.0,187.0,0.0,0.0,0.0,0.0,0.0,0.0,0.0,0.0
768.0,0.0,0.0,0.0,0.0,0.0,0.0,0.0,52.0,0.0,0.0,0.0,184.0,0.0,0.0,0.0,0.0,0.0,0.0,0.0,0.0
770.0,0.0,0.0,0.0,0.0,0.0,0.0,0.0,46.0,0.0,0.0,0.0,182.0,0.0,0.0,0.0,0.0,0.0,0.0,0.0,0.0
769.0,0.0,0.0,0.0,0.0,0.0,0.0,0.0,44.0,0.0,0.0,0.0,177.0,0.0,0.0,0.0,0.0,0.0,0.0,0.0,0.0
769.0,0.0,0.0,0.0,0.0,0.0,0.0,0.0,43.0,0.0,0.0,0.0,180.0,0.0,0.0,0.0,0.0,0.0,0.0,0.0,0.0
775.0,0.0,0.0,0.0,0.0,0.0,0.0,0.0,45.0,0.0,0.0,0.0,178.0,0.0,0.0,0.0,0.0,0.0,0.0,0.0,0.0
774.0,0.0,0.0,0.0,0.0,0.0,0.0,0.0,39.0,0.0,0.0,0.0,177.0,0.0,0.0,0.0,0.0,0.0,0.0,0.0,0.0
776.0,0.0,0.0,0.0,0.0,0.0,0.0,0.0,36.0,0.0,0.0,0.0,174.0,0.0,0.0,0.0,0.0,0.0,0.0,0.0,0.0
778.0,0.0,0.0,0.0,0.0,0.0,0.0,0.0,30.0,0.0,0.0,0.0,172.0,0.0,0.0,0.0,0.0,0.0,0.0,0.0,0.0
781.0,0.0,0.0,0.0,0.0,0.0,0.0,0.0,28.0,0.0,0.0,0.0,175.0,0.0,0.0,0.0,0.0,0.0,0.0,0.0,0.0
784.0,0.0,0.0,0.0,0.0,0.0,0.0,0.0,26.0,0.0,0.0,0.0,178.0,0.0,0.0,0.0,0.0,0.0,0.0,0.0,0.0
790.0,0.0,0.0,0.0,0.0,0.0,0.0,0.0,25.0,0.0,0.0,0.0,177.0,0.0,0.0,0.0,0.0,0.0,0.0,0.0,0.0
792.0,0.0,0.0,0.0,0.0,0.0,0.0,0.0,20.0,0.0,0.0,0.0,172.0,0.0,0.0,0.0,0.0,0.0,0.0,0.0,0.0
791.0,0.0,0.0,0.0,0.0,0.0,0.0,0.0,19.0,0.0,0.0,0.0,166.0,0.0,0.0,0.0,0.0,0.0,0.0,0.0,0.0
790.0,0.0,0.0,0.0,0.0,0.0,0.0,0.0,14.0,0.0,0.0,0.0,162.0,0.0,0.0,0.0,0.0,0.0,0.0,0.0,0.0
793.0,0.0,0.0,0.0,0.0,0.0,0.0,0.0,16.0,0.0,0.0,0.0,161.0,0.0,0.0,0.0,0.0,0.0,0.0,0.0,0.0
796.0,0.0,0.0,0.0,0.0,0.0,0.0,0.0,19.0,0.0,0.0,0.0,159.0,0.0,0.0,0.0,0.0,0.0,0.0,0.0,0.0
798.0,0.0,0.0,0.0,0.0,0.0,0.0,0.0,16.0,0.0,0.0,0.0,156.0,0.0,0.0,0.0,0.0,0.0,0.0,0.0,0.0
798.0,0.0,0.0,0.0,0.0,0.0,0.0,0.0,18.0,0.0,0.0,0.0,158.0,0.0,0.0,0.0,0.0,0.0,0.0,0.0,0.0
797.0,0.0,0.0,0.0,0.0,0.0,0.0,0.0,13.0,0.0,0.0,0.0,154.0,0.0,0.0,0.0,0.0,0.0,0.0,0.0,0.0
796.0,0.0,0.0,0.0,0.0,0.0,0.0,0.0,9.0,0.0,0.0,0.0,149.0,0.0,0.0,0.0,0.0,0.0,0.0,0.0,0.0
795.0,0.0,0.0,0.0,0.0,0.0,0.0,0.0,7.0,0.0,0.0,0.0,144.0,0.0,0.0,0.0,0.0,0.0,0.0,0.0,0.0
801.0,0.0,0.0,0.0,0.0,0.0,0.0,0.0,8.0,0.0,0.0,0.0,145.0,0.0,0.0,0.0,0.0,0.0,0.0,0.0,0.0
800.0,0.0,0.0,0.0,0.0,0.0,0.0,0.0,2.0,0.0,0.0,0.0,144.0,0.0,0.0,0.0,0.0,0.0,0.0,0.0,0.0
799.0,0.0,0.0,0.0,0.0,0.0,0.0,0.0,0.0,0.0,0.0,0.0,139.0,0.0,0.0,0.0,0.0,0.0,0.0,0.0,0.0
802.0,0.0,0.0,0.0,0.0,0.0,0.0,0.0,0.0,0.0,0.0,0.0,138.0,0.0,0.0,0.0,0.0,0.0,0.0,0.0,0.0
803.0,0.0,0.0,0.0,0.0,0.0,0.0,0.0,0.0,0.0,0.0,0.0,135.0,0.0,0.0,0.0,0.0,0.0,0.0,0.0,0.0
801.0,0.0,0.0,0.0,0.0,0.0,0.0,0.0,0.0,0.0,0.0,0.0,133.0,0.0,0.0,0.0,0.0,0.0,0.0,0.0,0.0
799.0,0.0,0.0,0.0,0.0,0.0,0.0,0.0,0.0,0.0,0.0,0.0,131.0,0.0,0.0,0.0,0.0,0.0,0.0,0.0,0.0
802.0,0.0,0.0,0.0,0.0,0.0,0.0,0.0,0.0,0.0,0.0,0.0,130.0,0.0,0.0,0.0,0.0,0.0,0.0,0.0,0.0
805.0,0.0,0.0,0.0,0.0,0.0,0.0,0.0,0.0,0.0,0.0,0.0,129.0,0.0,0.0,0.0,0.0,0.0,0.0,0.0,0.0
806.0,0.0,0.0,0.0,0.0,0.0,0.0,0.0,0.0,0.0,0.0,0.0,126.0,0.0,0.0,0.0,0.0,0.0,0.0,0.0,0.0
804.0,0.0,0.0,0.0,0.0,0.0,0.0,0.0,0.0,0.0,0.0,0.0,124.0,0.0,0.0,0.0,0.0,0.0,0.0,0.0,0.0
802.0,0.0,0.0,0.0,0.0,0.0,0.0,0.0,0.0,0.0,0.0,0.0,122.0,0.0,0.0,0.0,0.0,0.0,0.0,0.0,0.0
803.0,0.0,0.0,0.0,0.0,0.0,0.0,0.0,0.0,0.0,0.0,0.0,119.0,0.0,0.0,0.0,0.0,0.0,0.0,0.0,0.0
804.0,0.0,0.0,0.0,0.0,0.0,0.0,0.0,0.0,0.0,0.0,0.0,116.0,0.0,0.0,0.0,0.0,0.0,0.0,0.0,0.0
802.0,0.0,0.0,0.0,0.0,0.0,0.0,0.0,0.0,0.0,0.0,0.0,114.0,0.0,0.0,0.0,0.0,0.0,0.0,0.0,0.0
800.0,0.0,0.0,0.0,0.0,0.0,0.0,0.0,0.0,0.0,0.0,0.0,112.0,0.0,0.0,0.0,0.0,0.0,0.0,0.0,0.0
803.0,0.0,0.0,0.0,0.0,0.0,0.0,0.0,0.0,0.0,0.0,0.0,111.0,0.0,0.0,0.0,0.0,0.0,0.0,0.0,0.0
806.0,0.0,0.0,0.0,0.0,0.0,0.0,0.0,0.0,0.0,0.0,0.0,110.0,0.0,0.0,0.0,0.0,0.0,0.0,0.0,0.0
807.0,0.0,0.0,0.0,0.0,0.0,0.0,0.0,0.0,0.0,0.0,0.0,107.0,0.0,0.0,0.0,0.0,0.0,0.0,0.0,0.0
808.0,0.0,0.0,0.0,0.0,0.0,0.0,0.0,0.0,0.0,0.0,0.0,104.0,0.0,0.0,0.0,0.0,0.0,0.0,0.0,0.0
806.0,0.0,0.0,0.0,0.0,0.0,0.0,0.0,0.0,0.0,0.0,0.0,102.0,0.0,0.0,0.0,0.0,0.0,0.0,0.0,0.0
809.0,0.0,0.0,0.0,0.0,0.0,0.0,0.0,0.0,0.0,0.0,0.0,101.0,0.0,0.0,0.0,0.0,0.0,0.0,0.0,0.0
812.0,0.0,0.0,0.0,0.0,0.0,0.0,0.0,0.0,0.0,0.0,0.0,100.0,0.0,0.0,0.0,0.0,0.0,0.0,0.0,0.0
813.0,0.0,0.0,0.0,0.0,0.0,0.0,0.0,0.0,0.0,0.0,0.0,97.0,0.0,0.0,0.0,0.0,0.0,0.0,0.0,0.0
811.0,0.0,0.0,0.0,0.0,0.0,0.0,0.0,0.0,0.0,0.0,0.0,95.0,0.0,0.0,0.0,0.0,0.0,0.0,0.0,0.0
812.0,0.0,0.0,0.0,0.0,0.0,0.0,0.0,0.0,0.0,0.0,0.0,92.0,0.0,0.0,0.0,0.0,0.0,0.0,0.0,0.0
813.0,0.0,0.0,0.0,0.0,0.0,0.0,0.0,0.0,0.0,0.0,0.0,89.0,0.0,0.0,0.0,0.0,0.0,0.0,0.0,0.0
814.0,0.0,0.0,0.0,0.0,0.0,0.0,0.0,0.0,0.0,0.0,0.0,86.0,0.0,0.0,0.0,0.0,0.0,0.0,0.0,0.0
812.0,0.0,0.0,0.0,0.0,0.0,0.0,0.0,0.0,0.0,0.0,0.0,84.0,0.0,0.0,0.0,0.0,0.0,0.0,0.0,0.0
810.0,0.0,0.0,0.0,0.0,0.0,0.0,0.0,0.0,0.0,0.0,0.0,82.0,0.0,0.0,0.0,0.0,0.0,0.0,0.0,0.0
808.0,0.0,0.0,0.0,0.0,0.0,0.0,0.0,0.0,0.0,0.0,0.0,80.0,0.0,0.0,0.0,0.0,0.0,0.0,0.0,0.0
806.0,0.0,0.0,0.0,0.0,0.0,0.0,0.0,0.0,0.0,0.0,0.0,78.0,0.0,0.0,0.0,0.0,0.0,0.0,0.0,0.0
804.0,0.0,0.0,0.0,0.0,0.0,0.0,0.0,0.0,0.0,0.0,0.0,76.0,0.0,0.0,0.0,0.0,0.0,0.0,0.0,0.0
802.0,0.0,0.0,0.0,0.0,0.0,0.0,0.0,0.0,0.0,0.0,0.0,74.0,0.0,0.0,0.0,0.0,0.0,0.0,0.0,0.0
803.0,0.0,0.0,0.0,0.0,0.0,0.0,0.0,0.0,0.0,0.0,0.0,71.0,0.0,0.0,0.0,0.0,0.0,0.0,0.0,0.0
804.0,0.0,0.0,0.0,0.0,0.0,0.0,0.0,0.0,0.0,0.0,0.0,68.0,0.0,0.0,0.0,0.0,0.0,0.0,0.0,0.0
807.0,0.0,0.0,0.0,0.0,0.0,0.0,0.0,0.0,0.0,0.0,0.0,67.0,0.0,0.0,0.0,0.0,0.0,0.0,0.0,0.0
805.0,0.0,0.0,0.0,0.0,0.0,0.0,0.0,0.0,0.0,0.0,0.0,65.0,0.0,0.0,0.0,0.0,0.0,0.0,0.0,0.0
806.0,0.0,0.0,0.0,0.0,0.0,0.0,0.0,0.0,0.0,0.0,0.0,62.0,0.0,0.0,0.0,0.0,0.0,0.0,0.0,0.0
809.0,0.0,0.0,0.0,0.0,0.0,0.0,0.0,0.0,0.0,0.0,0.0,61.0,0.0,0.0,0.0,0.0,0.0,0.0,0.0,0.0
807.0,0.0,0.0,0.0,0.0,0.0,0.0,0.0,0.0,0.0,0.0,0.0,59.0,0.0,0.0,0.0,0.0,0.0,0.0,0.0,0.0
805.0,0.0,0.0,0.0,0.0,0.0,0.0,0.0,0.0,0.0,0.0,0.0,57.0,0.0,0.0,0.0,0.0,0.0,0.0,0.0,0.0
803.0,0.0,0.0,0.0,0.0,0.0,0.0,0.0,0.0,0.0,0.0,0.0,55.0,0.0,0.0,0.0,0.0,0.0,0.0,0.0,0.0
806.0,0.0,0.0,0.0,0.0,0.0,0.0,0.0,0.0,0.0,0.0,0.0,54.0,0.0,0.0,0.0,0.0,0.0,0.0,0.0,0.0
804.0,0.0,0.0,0.0,0.0,0.0,0.0,0.0,0.0,0.0,0.0,0.0,52.0,0.0,0.0,0.0,0.0,0.0,0.0,0.0,0.0
805.0,0.0,0.0,0.0,0.0,0.0,0.0,0.0,0.0,0.0,0.0,0.0,49.0,0.0,0.0,0.0,0.0,0.0,0.0,0.0,0.0
803.0,0.0,0.0,0.0,0.0,0.0,0.0,0.0,0.0,0.0,0.0,0.0,47.0,0.0,0.0,0.0,0.0,0.0,0.0,0.0,0.0
801.0,0.0,0.0,0.0,0.0,0.0,0.0,0.0,0.0,0.0,0.0,0.0,45.0,0.0,0.0,0.0,0.0,0.0,0.0,0.0,0.0
799.0,0.0,0.0,0.0,0.0,0.0,0.0,0.0,0.0,0.0,0.0,0.0,43.0,0.0,0.0,0.0,0.0,0.0,0.0,0.0,0.0
800.0,0.0,0.0,0.0,0.0,0.0,0.0,0.0,0.0,0.0,0.0,0.0,40.0,0.0,0.0,0.0,0.0,0.0,0.0,0.0,0.0
803.0,0.0,0.0,0.0,0.0,0.0,0.0,0.0,0.0,0.0,0.0,0.0,39.0,0.0,0.0,0.0,0.0,0.0,0.0,0.0,0.0
801.0,0.0,0.0,0.0,0.0,0.0,0.0,0.0,0.0,0.0,0.0,0.0,37.0,0.0,0.0,0.0,0.0,0.0,0.0,0.0,0.0
802.0,0.0,0.0,0.0,0.0,0.0,0.0,0.0,0.0,0.0,0.0,0.0,34.0,0.0,0.0,0.0,0.0,0.0,0.0,0.0,0.0
803.0,0.0,0.0,0.0,0.0,0.0,0.0,0.0,0.0,0.0,0.0,0.0,31.0,0.0,0.0,0.0,0.0,0.0,0.0,0.0,0.0
801.0,0.0,0.0,0.0,0.0,0.0,0.0,0.0,0.0,0.0,0.0,0.0,29.0,0.0,0.0,0.0,0.0,0.0,0.0,0.0,0.0
802.0,0.0,0.0,0.0,0.0,0.0,0.0,0.0,0.0,0.0,0.0,0.0,26.0,0.0,0.0,0.0,0.0,0.0,0.0,0.0,0.0
800.0,0.0,0.0,0.0,0.0,0.0,0.0,0.0,0.0,0.0,0.0,0.0,24.0,0.0,0.0,0.0,0.0,0.0,0.0,0.0,0.0
803.0,0.0,0.0,0.0,0.0,0.0,0.0,0.0,0.0,0.0,0.0,0.0,23.0,0.0,0.0,0.0,0.0,0.0,0.0,0.0,0.0
801.0,0.0,0.0,0.0,0.0,0.0,0.0,0.0,0.0,0.0,0.0,0.0,21.0,0.0,0.0,0.0,0.0,0.0,0.0,0.0,0.0
799.0,0.0,0.0,0.0,0.0,0.0,0.0,0.0,0.0,0.0,0.0,0.0,19.0,0.0,0.0,0.0,0.0,0.0,0.0,0.0,0.0
800.0,0.0,0.0,0.0,0.0,0.0,0.0,0.0,0.0,0.0,0.0,0.0,16.0,0.0,0.0,0.0,0.0,0.0,0.0,0.0,0.0
798.0,0.0,0.0,0.0,0.0,0.0,0.0,0.0,0.0,0.0,0.0,0.0,14.0,0.0,0.0,0.0,0.0,0.0,0.0,0.0,0.0
799.0,0.0,0.0,0.0,0.0,0.0,0.0,0.0,0.0,0.0,0.0,0.0,11.0,0.0,0.0,0.0,0.0,0.0,0.0,0.0,0.0
800.0,0.0,0.0,0.0,0.0,0.0,0.0,0.0,0.0,0.0,0.0,0.0,8.0,0.0,0.0,0.0,0.0,0.0,0.0,0.0,0.0
798.0,0.0,0.0,0.0,0.0,0.0,0.0,0.0,0.0,0.0,0.0,0.0,6.0,0.0,0.0,0.0,0.0,0.0,0.0,0.0,0.0
799.0,0.0,0.0,0.0,0.0,0.0,0.0,0.0,0.0,0.0,0.0,0.0,3.0,0.0,0.0,0.0,0.0,0.0,0.0,0.0,0.0
802.0,0.0,0.0,0.0,0.0,0.0,0.0,0.0,0.0,0.0,0.0,0.0,2.0,0.0,0.0,0.0,0.0,0.0,0.0,0.0,0.0
800.0,0.0,0.0,0.0,0.0,0.0,0.0,0.0,0.0,0.0,0.0,0.0,0.0,0.0,0.0,0.0,0.0,0.0,0.0,0.0,0.0
