Eliane2,Pedro01,GuilhermePassos3,FlavioCoelho,Eliane,GuilhermeBarros,LeonardoPinheiro,Daniel,Oda,leondiniz,Cecilia2,Arthur,Souza,Medusa,Cecilia1,CorreVento,Moschen3,Arthur2,Gabrielp,Adriano1,Moschen1,Adriano2,jefferson,LeoRodrigues,Gabriel,AntonioPulcherio,Otto2,Vivis3,GuilhermePassos2,GuilhermePassos,jefferson2,popst,MaxRep,Otto,JoaoHonesto,MaisOuMenos,Fernanda,KatnissEverdin,Moschen4,LuisEduardo,AleaJactaEst,Moschen2,Cascalho,Luciene,FlavioCCoelho,Valentim,Victor,Vitoria,rafaelmesq,Pedro02,MediaAna,wd1,Valentim2,Adriano3,AraraClayton
1.0,0.4444444444444444,1.0,0.0,0.0,0.0,1.0,0.5,1.0,1.0,0.5,1.0,1.0,1.0,0.5,0.42592592592592593,0.0,1.0,0.0,0.6666666666666666,1.0,0.6666666666666666,0.0,0.0,0.0,0.7222222222222222,1.0,1.0,1.0,1.0,1.0,1.0,1.0,1.0,0.0,0.0,1.0,1.0,1.0,1.0,0.8333333333333334,1.0,0.6111111111111112,1.0,1.0,1.0,0.0,0.3888888888888889,0.0,0.0,0.0,1.0,0.0,0.6666666666666666,0.0
1.0,0.4537037037037037,1.0,0.0,0.046296296296296294,0.09259259259259259,1.0,0.5277777777777778,[0.78703704],0.5,0.5,0.6666666666666666,1.0,0.5,0.25,0.4444444444444444,0.3611111111111111,0.6574074074074074,0.10185185185185185,0.37962962962962965,0.5,0.3333333333333333,0.2037037037037037,0.5,0.10185185185185185,0.7222222222222222,1.0,0.5,1.0,1.0,0.7962962962962963,0.9722222222222222,0.7407407407407407,1.0,0.28703703703703703,0.10185185185185185,0.5462962962962963,1.0,1.0,0.9907407407407407,0.8055555555555556,1.0,0.6851851851851852,0.75,1.0,1.0,0.0,0.49074074074074076,0.0,0.0,0.37037037037037035,1.0,0.2037037037037037,0.3611111111111111,0.2962962962962963
0.925,0.44375,0.775,0.0,0.08125,0.14375,0.78125,0.50625,[0.73125],0.3375,0.5,0.58125,1.0,0.475,0.2,0.3875,0.33125,0.56875,0.25625,0.41875,0.6625,0.4375,0.31875,0.6625,0.25625,0.74375,1.0,0.45,1.0,1.0,0.675,0.95,0.575,1.0,0.3625,0.21875,0.4125,1.0,1.0,0.95625,0.8125,1.0,0.70625,0.7375,1.0,1.0,0.0,0.5125,0.0,0.0125,0.45625,1.0,0.31875,0.3875,0.38125
0.8962264150943396,0.4339622641509434,0.6462264150943396,0.0,0.10377358490566038,0.19339622641509435,0.660377358490566,0.4481132075471698,[0.70754717],0.39622641509433965,0.5,0.5283018867924528,1.0,0.47641509433962265,0.17452830188679244,0.419811320754717,0.30660377358490565,0.5283018867924528,0.35377358490566035,0.46226415094339623,0.5,0.330188679245283,0.36792452830188677,0.7452830188679245,0.35377358490566035,0.6320754716981132,1.0,0.4481132075471698,0.8301886792452831,0.8113207547169812,0.6226415094339622,0.9009433962264151,0.47641509433962265,1.0,0.42452830188679247,0.30660377358490565,0.36792452830188677,1.0,1.0,0.9339622641509434,0.8254716981132075,1.0,0.6981132075471698,0.7405660377358491,1.0,1.0,0.0,0.5377358490566038,0.0,0.16981132075471697,0.5,1.0,0.36792452830188677,0.41037735849056606,0.419811320754717
0.8901515151515151,0.4583333333333333,0.5681818181818182,0.0,0.11363636363636363,0.23863636363636365,0.5795454545454546,0.4015151515151515,[0.67424242],0.45454545454545453,0.5075757575757576,0.4810606060606061,1.0,0.4621212121212121,0.1590909090909091,0.4393939393939394,0.4166666666666667,0.5113636363636364,0.42803030303030304,0.4166666666666667,0.5984848484848485,0.42045454545454547,0.4128787878787879,0.7954545454545454,0.42803030303030304,0.6439393939393939,1.0,0.4696969696969697,0.7537878787878788,0.6818181818181818,0.5757575757575758,0.8977272727272727,0.4090909090909091,1.0,0.4431818181818182,0.36742424242424243,0.3371212121212121,1.0,1.0,0.9204545454545454,0.8181818181818182,1.0,0.6893939393939394,0.7424242424242424,1.0,1.0,0.0,0.5454545454545454,0.0,0.20075757575757575,0.5037878787878788,1.0,0.4128787878787879,0.4090909090909091,0.4318181818181818
0.8860759493670886,0.4588607594936709,0.5221518987341772,0.0,0.11708860759493671,0.2563291139240506,0.5189873417721519,0.39556962025316456,[0.67088608],0.49683544303797467,0.5063291139240507,0.47151898734177217,1.0,0.45569620253164556,0.14873417721518986,0.43037974683544306,0.4208860759493671,0.5031645569620253,0.47468354430379744,0.45569620253164556,0.5,0.3512658227848101,0.439873417721519,0.8291139240506329,0.47468354430379744,0.6550632911392406,1.0,0.49050632911392406,0.7088607594936709,0.6012658227848101,0.5474683544303798,0.9082278481012658,0.3639240506329114,1.0,0.46835443037974683,0.41455696202531644,0.3227848101265823,0.9588607594936709,1.0,0.9145569620253164,0.8037974683544303,1.0,0.6772151898734177,0.75,1.0,1.0,0.0,0.5537974683544303,0.0,0.28164556962025317,0.5221518987341772,1.0,0.439873417721519,0.41139240506329117,0.4430379746835443
0.8858695652173914,0.4701086956521739,0.48641304347826086,0.0,0.11684782608695653,0.2608695652173913,0.4782608695652174,0.3804347826086957,[0.64673913],0.5244565217391305,0.5054347826086957,0.48097826086956524,1.0,0.4429347826086957,0.14130434782608695,0.44021739130434784,0.4266304347826087,0.48641304347826086,0.5081521739130435,0.43478260869565216,0.5706521739130435,0.3016304347826087,0.4673913043478261,0.8532608695652174,0.5081521739130435,0.6603260869565217,1.0,0.5054347826086957,0.6603260869565217,0.5353260869565217,0.5217391304347826,0.907608695652174,0.328804347826087,1.0,0.48641304347826086,0.44565217391304346,0.3125,0.9266304347826086,1.0,0.904891304347826,0.8125,1.0,0.6739130434782609,0.7527173913043478,1.0,1.0,0.0,0.5380434782608695,0.0,0.2608695652173913,0.5190217391304348,1.0,0.4673913043478261,0.4048913043478261,0.47554347826086957
0.8833333333333333,0.4857142857142857,0.46190476190476193,0.0,0.11428571428571428,0.2761904761904762,0.44761904761904764,0.3761904761904762,[0.63809524],0.5452380952380952,0.5047619047619047,0.47619047619047616,1.0,0.430952380952381,0.13333333333333333,0.44047619047619047,0.48095238095238096,0.4666666666666667,0.530952380952381,0.4642857142857143,0.5,0.36666666666666664,0.49047619047619045,0.8714285714285714,0.530952380952381,0.6523809523809524,1.0,0.5190476190476191,0.6285714285714286,0.48333333333333334,0.5,0.9023809523809524,0.30238095238095236,1.0,0.4857142857142857,0.46904761904761905,0.30714285714285716,0.9,1.0,0.8976190476190476,0.8166666666666667,1.0,0.6595238095238095,0.7547619047619047,1.0,1.0,0.0,0.5380952380952381,0.0,0.2833333333333333,0.5285714285714286,1.0,0.49047619047619045,0.3976190476190476,0.48333333333333334
0.885593220338983,0.4830508474576271,0.4406779661016949,0.0,0.11228813559322035,0.2944915254237288,0.423728813559322,0.3707627118644068,[0.62711864],0.5635593220338984,0.5042372881355932,0.4682203389830508,1.0,0.4173728813559322,0.13135593220338984,0.4343220338983051,0.527542372881356,0.4576271186440678,0.548728813559322,0.4470338983050847,0.5550847457627118,0.326271186440678,0.510593220338983,0.885593220338983,0.548728813559322,0.6610169491525424,1.0,0.5296610169491526,0.5953389830508474,0.4406779661016949,0.4809322033898305,0.902542372881356,0.2817796610169492,1.0,0.4830508474576271,0.4872881355932203,0.2966101694915254,0.8792372881355932,1.0,0.8919491525423728,0.8199152542372882,1.0,0.6758474576271186,0.7563559322033898,1.0,1.0,0.0,0.5402542372881356,0.0,0.2669491525423729,0.5296610169491526,1.0,0.510593220338983,0.3898305084745763,0.4894067796610169
0.8854961832061069,0.4751908396946565,0.4255725190839695,0.0,0.10877862595419847,0.30343511450381677,0.40458015267175573,0.3606870229007634,[0.59923664],0.5763358778625954,0.5038167938931297,0.4580152671755725,1.0,0.4122137404580153,0.1297709923664122,0.4389312977099237,0.5305343511450382,0.4618320610687023,0.5629770992366412,0.46946564885496184,0.5,0.3530534351145038,0.5190839694656488,0.8969465648854962,0.5629770992366412,0.6603053435114504,1.0,0.5343511450381679,0.5744274809160306,0.41412213740458015,0.4732824427480916,0.9064885496183206,0.2652671755725191,1.0,0.48091603053435117,0.49809160305343514,0.2958015267175573,0.8625954198473282,1.0,0.8854961832061069,0.816793893129771,1.0,0.6641221374045801,0.7576335877862596,1.0,1.0,0.0,0.5591603053435115,0.0,0.2633587786259542,0.5324427480916031,1.0,0.5190839694656488,0.39122137404580154,0.49427480916030536
0.8836805555555556,0.4704861111111111,0.4114583333333333,0.0,0.10416666666666667,0.3055555555555556,0.3888888888888889,0.3576388888888889,[0.59375],0.5885416666666666,0.5034722222222222,0.453125,0.9166666666666666,0.4114583333333333,0.1267361111111111,0.4375,0.5034722222222222,0.4583333333333333,0.5746527777777778,0.4496527777777778,0.5451388888888888,0.3211805555555556,0.5260416666666666,0.90625,0.5746527777777778,0.6597222222222222,1.0,0.5399305555555556,0.5625,0.3923611111111111,0.4670138888888889,0.8993055555555556,0.2517361111111111,1.0,0.4861111111111111,0.5086805555555556,0.2934027777777778,0.8489583333333334,1.0,0.8819444444444444,0.8142361111111112,1.0,0.6614583333333334,0.7586805555555556,1.0,1.0,0.0,0.5590277777777778,0.0,0.2829861111111111,0.5243055555555556,1.0,0.5260416666666666,0.3923611111111111,0.5034722222222222
0.8837579617834395,0.46656050955414013,0.3996815286624204,0.0,0.10031847133757962,0.3073248407643312,0.37579617834394907,0.34554140127388533,[0.59235669],0.5987261146496815,0.5031847133757962,0.44745222929936307,0.8503184713375797,0.410828025477707,0.12420382165605096,0.44745222929936307,0.5286624203821656,0.45063694267515925,0.5843949044585988,0.4681528662420382,0.5,0.34554140127388533,0.5302547770700637,0.9140127388535032,0.5843949044585988,0.6624203821656051,1.0,0.5445859872611465,0.5493630573248408,0.37579617834394907,0.46337579617834396,0.8996815286624203,0.23885350318471338,1.0,0.4840764331210191,0.517515923566879,0.2961783439490446,0.8375796178343949,1.0,0.8773885350318471,0.8136942675159236,1.0,0.660828025477707,0.7595541401273885,1.0,1.0,0.0,0.552547770700637,0.0,0.28343949044585987,0.5286624203821656,1.0,0.5302547770700637,0.39331210191082805,0.5095541401273885
0.8838235294117647,0.4661764705882353,0.3897058823529412,0.0,0.09705882352941177,0.3161764705882353,0.36470588235294116,0.3382352941176471,[0.58970588],0.6088235294117647,0.5029411764705882,0.43823529411764706,0.8029411764705883,0.4117647058823529,0.12205882352941176,0.4470588235294118,0.5117647058823529,0.43823529411764706,0.5926470588235294,0.4441176470588235,0.538235294117647,0.36617647058823527,0.5338235294117647,0.9205882352941176,0.5926470588235294,0.6705882352941176,1.0,0.5485294117647059,0.5411764705882353,0.36176470588235293,0.4602941176470588,0.9044117647058824,0.22794117647058823,1.0,0.49558823529411766,0.525,0.29705882352941176,0.8279411764705882,1.0,0.875,0.8058823529411765,1.0,0.6602941176470588,0.7602941176470588,1.0,1.0,0.0,0.5588235294117647,0.0,0.2823529411764706,0.5308823529411765,1.0,0.5338235294117647,0.39558823529411763,0.5058823529411764
0.8838797814207651,0.4644808743169399,0.38114754098360654,0.0,0.09562841530054644,0.32786885245901637,0.3551912568306011,0.3319672131147541,[0.58606557],0.6161202185792349,0.5027322404371585,0.43306010928961747,0.7540983606557377,0.412568306010929,0.12021857923497267,0.45081967213114754,0.5286885245901639,0.42896174863387976,0.6024590163934426,0.45901639344262296,0.5,0.3401639344262295,0.5355191256830601,0.9262295081967213,0.6024590163934426,0.6734972677595629,1.0,0.5519125683060109,0.5314207650273224,0.34972677595628415,0.4576502732240437,0.9043715846994536,0.2185792349726776,1.0,0.4890710382513661,0.5314207650273224,0.29918032786885246,0.8210382513661202,1.0,0.8729508196721312,0.8046448087431693,1.0,0.6612021857923497,0.7609289617486339,1.0,1.0,0.0,0.5628415300546448,0.0,0.2937158469945355,0.5341530054644809,1.0,0.5355191256830601,0.39617486338797814,0.505464480874317
0.8839285714285714,0.46683673469387754,0.375,0.0,0.09821428571428571,0.3405612244897959,0.34566326530612246,0.32653061224489793,[0.5880102],0.6224489795918368,0.5025510204081632,0.42857142857142855,0.7168367346938775,0.4107142857142857,0.11862244897959184,0.4502551020408163,0.5178571428571429,0.4260204081632653,0.610969387755102,0.4387755102040816,0.5331632653061225,0.3596938775510204,0.5395408163265306,0.9311224489795918,0.610969387755102,0.6760204081632653,1.0,0.5548469387755102,0.5229591836734694,0.3392857142857143,0.45408163265306123,0.9081632653061225,0.21045918367346939,1.0,0.4897959183673469,0.5382653061224489,0.2997448979591837,0.8150510204081632,1.0,0.8698979591836735,0.8073979591836735,1.0,0.6658163265306123,0.7627551020408163,1.0,1.0,0.0,0.5663265306122449,0.0,0.3201530612244898,0.5318877551020408,1.0,0.5395408163265306,0.39668367346938777,0.5114795918367347
0.8839712918660287,0.4688995215311005,0.3696172248803828,0.0,0.10047846889952153,0.3456937799043062,0.3373205741626794,0.3229665071770335,[0.58492823],0.6291866028708134,0.5023923444976076,0.4246411483253589,0.6830143540669856,0.4126794258373206,0.11722488038277512,0.45454545454545453,0.5179425837320574,0.42822966507177035,0.618421052631579,0.4533492822966507,0.5,0.3373205741626794,0.5406698564593302,0.9354066985645934,0.618421052631579,0.6758373205741627,1.0,0.5586124401913876,0.5131578947368421,0.33014354066985646,0.45454545454545453,0.9090909090909091,0.20334928229665072,1.0,0.4964114832535885,0.5454545454545454,0.3026315789473684,0.8098086124401914,1.0,0.8672248803827751,0.812200956937799,1.0,0.6650717703349283,0.7643540669856459,1.0,1.0,0.0,0.5633971291866029,0.0,0.34330143540669855,0.5334928229665071,1.0,0.5406698564593302,0.39952153110047844,0.5119617224880383
0.884009009009009,0.46959459459459457,0.36486486486486486,0.0,0.10247747747747747,0.34797297297297297,0.32995495495495497,0.3153153153153153,[0.57995495],0.6362612612612613,0.5022522522522522,0.42792792792792794,0.6531531531531531,0.4155405405405405,0.11599099099099099,0.4617117117117117,0.5078828828828829,0.42567567567567566,0.625,0.4358108108108108,0.5292792792792793,0.356981981981982,0.5416666666666666,0.9391891891891891,0.625,0.6801801801801802,1.0,0.5641891891891891,0.5067567567567568,0.32545045045045046,0.45495495495495497,0.9099099099099099,0.19707207207207209,1.0,0.4966216216216216,0.5529279279279279,0.30405405405405406,0.8051801801801802,1.0,0.8648648648648649,0.8130630630630631,1.0,0.6644144144144144,0.7657657657657657,1.0,1.0,0.0,0.5675675675675675,0.0,0.3490990990990991,0.5304054054054054,1.0,0.5416666666666666,0.40315315315315314,0.5168918918918919
0.8840425531914894,0.4648936170212766,0.3606382978723404,0.0,0.10425531914893617,0.3553191489361702,0.32340425531914896,0.31063829787234043,[0.57978723],0.6425531914893617,0.502127659574468,0.42872340425531913,0.624468085106383,0.41702127659574467,0.1148936170212766,0.4627659574468085,0.4925531914893617,0.42127659574468085,0.6308510638297873,0.44893617021276594,0.5,0.3372340425531915,0.5425531914893617,0.9425531914893617,0.6308510638297873,0.6808510638297872,1.0,0.5691489361702128,0.5031914893617021,0.32127659574468087,0.4553191489361702,0.9095744680851063,0.19148936170212766,1.0,0.502127659574468,0.5595744680851064,0.30638297872340425,0.801063829787234,1.0,0.8617021276595744,0.8085106382978723,1.0,0.6627659574468086,0.7670212765957447,1.0,1.0,0.0,0.5691489361702128,0.0,0.3425531914893617,0.5340425531914894,1.0,0.5425531914893617,0.40638297872340423,0.5191489361702127
0.8840725806451613,0.47076612903225806,0.35685483870967744,0.0,0.10584677419354839,0.36794354838709675,0.3175403225806452,0.3064516129032258,[0.58064516],0.6481854838709677,0.5020161290322581,0.4284274193548387,0.6018145161290323,0.4183467741935484,0.11491935483870967,0.4596774193548387,0.5161290322580645,0.4213709677419355,0.6360887096774194,0.46068548387096775,0.5262096774193549,0.3548387096774194,0.5433467741935484,0.9455645161290323,0.6360887096774194,0.6754032258064516,1.0,0.5735887096774194,0.4969758064516129,0.3175403225806452,0.45564516129032256,0.9102822580645161,0.18649193548387097,1.0,0.501008064516129,0.5655241935483871,0.3074596774193548,0.7973790322580645,1.0,0.8588709677419355,0.8104838709677419,1.0,0.6612903225806451,0.7681451612903226,1.0,1.0,0.0,0.5715725806451613,0.0,0.3467741935483871,0.5383064516129032,1.0,0.5433467741935484,0.4092741935483871,0.5221774193548387
0.8840996168582376,0.46839080459770116,0.3544061302681992,0.0,0.1082375478927203,0.3668582375478927,0.3113026819923372,0.2998084291187739,[0.58237548],0.6532567049808429,0.5019157088122606,0.4272030651340996,0.6216475095785441,0.41954022988505746,0.11398467432950192,0.46551724137931033,0.4990421455938697,0.42049808429118773,0.6408045977011494,0.4454022988505747,0.5,0.3371647509578544,0.5431034482758621,0.9482758620689655,0.6408045977011494,0.6704980842911877,1.0,0.5775862068965517,0.49233716475095785,0.31513409961685823,0.45689655172413796,0.9099616858237548,0.18199233716475097,1.0,0.5086206896551724,0.5718390804597702,0.30938697318007663,0.7940613026819924,1.0,0.85727969348659,0.8103448275862069,1.0,0.6590038314176245,0.7701149425287356,1.0,1.0,0.0,0.5622605363984674,0.0,0.3524904214559387,0.5402298850574713,1.0,0.5431034482758621,0.4128352490421456,0.5229885057471264
0.8841240875912408,0.47354014598540145,0.3521897810218978,0.0,0.1104014598540146,0.3722627737226277,0.3056569343065693,0.333029197080292,[0.58394161],0.656934306569343,0.5018248175182481,0.42883211678832117,0.6395985401459854,0.4215328467153285,0.11313868613138686,0.46806569343065696,0.5173357664233577,0.41788321167883213,0.6450729927007299,0.45711678832116787,0.5237226277372263,0.3531021897810219,0.5428832116788321,0.9507299270072993,0.6450729927007299,0.666058394160584,1.0,0.5802919708029197,0.4844890510948905,0.31386861313868614,0.458029197080292,0.9087591240875912,0.17791970802919707,1.0,0.5063868613138686,0.5766423357664233,0.3093065693430657,0.791058394160584,1.0,0.8549270072992701,0.8074817518248175,1.0,0.6596715328467153,0.7718978102189781,1.0,1.0,0.0,0.5629562043795621,0.0,0.3448905109489051,0.5428832116788321,1.0,0.5428832116788321,0.41605839416058393,0.5246350364963503
0.8841463414634146,0.47909407665505227,0.3501742160278746,0.0,0.11236933797909408,0.37456445993031356,0.30052264808362367,0.32839721254355403,[0.58536585],0.6611498257839721,0.5017421602787456,0.4337979094076655,0.6559233449477352,0.42421602787456447,0.11236933797909408,0.46777003484320556,0.5365853658536586,0.4155052264808362,0.6489547038327527,0.44337979094076657,0.5,0.33710801393728224,0.5426829268292683,0.9529616724738676,0.6489547038327527,0.6733449477351916,1.0,0.5836236933797909,0.4808362369337979,0.3127177700348432,0.45905923344947736,0.9111498257839721,0.17421602787456447,1.0,0.5069686411149826,0.5818815331010453,0.31097560975609756,0.7883275261324042,1.0,0.8536585365853658,0.8031358885017421,1.0,0.6576655052264808,0.7735191637630662,1.0,1.0,0.0,0.5662020905923345,0.0,0.3606271777003484,0.5400696864111498,1.0,0.5426829268292683,0.4189895470383275,0.5278745644599303
0.8841666666666667,0.48,0.34833333333333333,0.0,0.11416666666666667,0.3825,0.29583333333333334,0.32166666666666666,[0.585],0.665,0.5016666666666667,0.43166666666666664,0.6708333333333333,0.42583333333333334,0.11166666666666666,0.4675,0.5483333333333333,0.41583333333333333,0.6525,0.45416666666666666,0.5216666666666666,0.3525,0.5425,0.955,0.6525,0.6658333333333334,1.0,0.5866666666666667,0.4741666666666667,0.31083333333333335,0.46,0.9116666666666666,0.17083333333333334,1.0,0.51,0.5866666666666667,0.31166666666666665,0.7858333333333334,1.0,0.8525,0.8058333333333333,1.0,0.66,0.775,1.0,1.0,0.0,0.5666666666666667,0.0,0.36583333333333334,0.5325,1.0,0.5425,0.4216666666666667,0.5291666666666667
0.884185303514377,0.4792332268370607,0.3466453674121406,0.0,0.11581469648562301,0.3777955271565495,0.2915335463258786,0.3170926517571885,[0.58386581],0.6677316293929713,0.5015974440894568,0.4273162939297125,0.6845047923322684,0.4273162939297125,0.1110223642172524,0.4672523961661342,0.5559105431309904,0.41533546325878595,0.6557507987220448,0.4416932907348243,0.5,0.33785942492012777,0.542332268370607,0.9568690095846646,0.6557507987220448,0.6701277955271565,1.0,0.5886581469648562,0.4728434504792332,0.3083067092651757,0.46086261980830673,0.9137380191693291,0.16773162939297126,1.0,0.5087859424920128,0.5902555910543131,0.31309904153354634,0.7835463258785943,1.0,0.8506389776357828,0.8059105431309904,1.0,0.6605431309904153,0.7763578274760383,1.0,1.0,0.0,0.5670926517571885,0.0,0.37140575079872207,0.5351437699680511,1.0,0.542332268370607,0.4241214057507987,0.5319488817891374
0.88420245398773,0.47699386503067487,0.3450920245398773,0.0,0.11733128834355828,0.37423312883435583,0.2875766871165644,0.31441717791411045,[0.5851227],0.6702453987730062,0.5015337423312883,0.4256134969325153,0.6970858895705522,0.4294478527607362,0.11042944785276074,0.4662576687116564,0.5429447852760736,0.41641104294478526,0.6587423312883436,0.4516871165644172,0.5199386503067485,0.3512269938650307,0.5421779141104295,0.9585889570552147,0.6587423312883436,0.6687116564417178,1.0,0.5904907975460123,0.46855828220858897,0.30598159509202455,0.4616564417177914,0.9148773006134969,0.16487730061349692,1.0,0.5107361963190185,0.593558282208589,0.3136503067484663,0.781441717791411,1.0,0.8489263803680982,0.808282208588957,1.0,0.6595092024539877,0.7776073619631901,1.0,1.0,0.0,0.5651840490797546,0.0,0.38420245398773006,0.5352760736196319,1.0,0.5421779141104295,0.4263803680981595,0.5337423312883436
0.8842182890855457,0.4771386430678466,0.34365781710914456,0.0,0.1187315634218289,0.3753687315634218,0.28392330383480824,0.3112094395280236,[0.58628319],0.672566371681416,0.5014749262536873,0.42551622418879054,0.7087020648967551,0.4299410029498525,0.10988200589970501,0.4638643067846608,0.5294985250737463,0.4218289085545723,0.6607669616519174,0.44026548672566373,0.5,0.33775811209439527,0.5420353982300885,0.9601769911504425,0.6607669616519174,0.6666666666666666,1.0,0.5921828908554573,0.4638643067846608,0.3030973451327434,0.46238938053097345,0.9144542772861357,0.16224188790560473,1.0,0.5103244837758112,0.5966076696165191,0.3148967551622419,0.7802359882005899,1.0,0.8473451327433629,0.81047197640118,1.0,0.6563421828908554,0.7787610619469026,1.0,1.0,0.0,0.5671091445427728,0.0,0.37831858407079644,0.5361356932153393,1.0,0.5420353982300885,0.4284660766961652,0.5361356932153393
0.8842329545454546,0.48082386363636365,0.34232954545454547,0.0,0.12002840909090909,0.3742897727272727,0.2805397727272727,0.3068181818181818,[0.5859375],0.6747159090909091,0.5014204545454546,0.4247159090909091,0.7194602272727273,0.4296875,0.109375,0.4602272727272727,0.5241477272727273,0.421875,0.6626420454545454,0.44957386363636365,0.5184659090909091,0.35014204545454547,0.5426136363636364,0.9616477272727273,0.6626420454545454,0.6647727272727273,1.0,0.5930397727272727,0.4616477272727273,0.30042613636363635,0.46235795454545453,0.9154829545454546,0.15980113636363635,1.0,0.5113636363636364,0.5994318181818182,0.3153409090909091,0.7791193181818182,1.0,0.8458806818181818,0.8082386363636364,1.0,0.6541193181818182,0.7798295454545454,1.0,1.0,0.0,0.5681818181818182,0.0,0.3899147727272727,0.5362215909090909,1.0,0.5426136363636364,0.42826704545454547,0.5348011363636364
0.8842465753424658,0.4808219178082192,0.3410958904109589,0.0,0.12123287671232877,0.37602739726027395,0.2773972602739726,0.3041095890410959,[0.58561644],0.6767123287671233,0.5013698630136987,0.42534246575342466,0.7294520547945206,0.43082191780821916,0.10890410958904109,0.46301369863013697,0.5232876712328767,0.4212328767123288,0.6643835616438356,0.45821917808219176,0.5,0.3376712328767123,0.5431506849315069,0.963013698630137,0.6643835616438356,0.6684931506849315,1.0,0.5938356164383561,0.4602739726027397,0.2979452054794521,0.4623287671232877,0.915068493150685,0.15753424657534246,1.0,0.5095890410958904,0.602054794520548,0.31643835616438354,0.7780821917808219,1.0,0.8445205479452055,0.8075342465753425,1.0,0.6520547945205479,0.7808219178082192,1.0,1.0,0.0,0.5664383561643835,0.0,0.4006849315068493,0.5328767123287671,1.0,0.5431506849315069,0.42945205479452053,0.5335616438356164
0.8842592592592593,0.4801587301587302,0.33994708994708994,0.0,0.12301587301587301,0.37632275132275134,0.2744708994708995,0.30158730158730157,[0.58465608],0.6779100529100529,0.5013227513227513,0.4252645502645503,0.7387566137566137,0.43187830687830686,0.10846560846560846,0.46296296296296297,0.5277777777777778,0.4226190476190476,0.666005291005291,0.44907407407407407,0.5171957671957672,0.34854497354497355,0.5436507936507936,0.9642857142857143,0.666005291005291,0.6686507936507936,1.0,0.593915343915344,0.458994708994709,0.29563492063492064,0.4623015873015873,0.9133597883597884,0.15542328042328044,1.0,0.5085978835978836,0.6038359788359788,0.3167989417989418,0.7771164021164021,1.0,0.8432539682539683,0.8082010582010583,1.0,0.6521164021164021,0.7817460317460317,1.0,1.0,0.0,0.5681216931216931,0.0,0.39351851851851855,0.5324074074074074,1.0,0.5436507936507936,0.4305555555555556,0.5363756613756614
0.8842710997442456,0.4833759590792839,0.3388746803069054,0.0,0.12468030690537084,0.3765984654731458,0.2717391304347826,0.30115089514066495,[0.58375959],0.6790281329923273,0.5012787723785166,0.42327365728900257,0.7474424552429667,0.4328644501278772,0.10805626598465473,0.4616368286445013,0.5179028132992327,0.42391304347826086,0.6675191815856778,0.4571611253196931,0.5,0.358695652173913,0.5441176470588235,0.9654731457800512,0.6675191815856778,0.6547314578005116,1.0,0.5939897698209718,0.45588235294117646,0.29347826086956524,0.4622762148337596,0.9124040920716112,0.1534526854219949,1.0,0.5089514066496164,0.6054987212276215,0.3177749360613811,0.7762148337595908,1.0,0.842071611253197,0.8049872122762148,1.0,0.6547314578005116,0.782608695652174,1.0,1.0,0.0,0.5671355498721228,0.0,0.40345268542199486,0.5345268542199488,1.0,0.5441176470588235,0.43158567774936063,0.5358056265984654
0.8842821782178217,0.48514851485148514,0.3378712871287129,0.0,0.12623762376237624,0.37685643564356436,0.2691831683168317,0.29764851485148514,[0.58601485],0.6800742574257426,0.5012376237623762,0.42326732673267325,0.7271039603960396,0.4337871287128713,0.10705445544554455,0.46163366336633666,0.531559405940594,0.42017326732673266,0.6689356435643564,0.44863861386138615,0.5160891089108911,0.34715346534653463,0.5445544554455446,0.9665841584158416,0.6689356435643564,0.655940594059406,1.0,0.594059405940594,0.4542079207920792,0.29146039603960394,0.4622524752475248,0.9133663366336634,0.1516089108910891,1.0,0.5068069306930693,0.6070544554455446,0.3180693069306931,0.7753712871287128,1.0,0.8409653465346535,0.807549504950495,1.0,0.6540841584158416,0.7834158415841584,1.0,1.0,0.0,0.5637376237623762,0.0,0.4034653465346535,0.5371287128712872,1.0,0.5445544554455446,0.43254950495049505,0.5377475247524752
0.8842925659472423,0.48741007194244607,0.3369304556354916,0.0,0.12769784172661872,0.37949640287769787,0.2667865707434053,0.3195443645083933,[0.58453237],0.6804556354916067,0.5011990407673861,0.4226618705035971,0.7074340527577938,0.43345323741007197,0.10611510791366907,0.4670263788968825,0.5191846522781774,0.41786570743405277,0.670263788968825,0.45623501199040767,0.5,0.35611510791366907,0.5449640287769785,0.9676258992805755,0.670263788968825,0.6552757793764988,1.0,0.5935251798561151,0.45323741007194246,0.289568345323741,0.46223021582733814,0.9136690647482014,0.1498800959232614,1.0,0.5059952038369304,0.6079136690647482,0.31894484412470026,0.7745803357314148,1.0,0.8399280575539568,0.8087529976019184,1.0,0.658273381294964,0.7841726618705036,1.0,1.0,0.0,0.5635491606714629,0.0,0.39748201438848924,0.5365707434052758,1.0,0.5449640287769785,0.43345323741007197,0.5365707434052758
0.8837209302325582,0.48546511627906974,0.336046511627907,0.0,0.12906976744186047,0.37732558139534883,0.26453488372093026,0.31802325581395346,[0.58255814],0.6813953488372093,0.5011627906976744,0.42209302325581394,0.6895348837209302,0.4331395348837209,0.10523255813953489,0.46744186046511627,0.5215116279069767,0.41686046511627906,0.6715116279069767,0.4476744186046512,0.5151162790697674,0.3453488372093023,0.5453488372093023,0.9686046511627907,0.6715116279069767,0.6587209302325582,1.0,0.5936046511627907,0.45232558139534884,0.2877906976744186,0.4622093023255814,0.913953488372093,0.14825581395348839,1.0,0.5069767441860465,0.6093023255813953,0.3191860465116279,0.7732558139534884,1.0,0.838953488372093,0.8098837209302325,1.0,0.6587209302325582,0.7848837209302325,1.0,1.0,0.0,0.5627906976744186,0.0,0.4011627906976744,0.5343023255813953,1.0,0.5453488372093023,0.43430232558139537,0.538953488372093
0.8835500282645562,0.48671565856416055,0.3369135104578858,0.0,0.13058224985867722,0.3770491803278688,0.26116449971735445,0.3148671565856416,[0.57829282],0.6834369700395704,0.5014132278123233,0.4234030525720746,0.6743923120407009,0.4347088750706614,0.10457885811192764,0.46693046919163367,0.5155455059355568,0.42001130582249857,0.6738270209157716,0.4556246466930469,0.500847936687394,0.35500282645562464,0.5443753533069531,0.9417750141322782,0.6738270209157716,0.6591294516676088,1.0,0.5952515545505935,0.4511023176936122,0.28942905596382135,0.4635387224420577,0.9157716223855286,0.14527981910684,1.0,0.5087620124364047,0.6116449971735444,0.320520067834935,0.7733182589033352,1.0,0.8371961560203505,0.8094968908988129,1.0,0.6596947427925381,0.7868852459016393,1.0,1.0,0.0,0.5579423403052572,0.0,0.4104013566986998,0.5336348219332957,1.0,0.5443753533069531,0.43414358394573205,0.5370265686828717
0.8833883388338833,0.48734873487348734,0.33773377337733773,0.0,0.132013201320132,0.37458745874587457,0.25797579757975797,0.3118811881188119,[0.57590759],0.6853685368536854,0.5016501650165016,0.42574257425742573,0.6595159515951595,0.43564356435643564,0.10451045104510451,0.4691969196919692,0.5242024202420242,0.4207920792079208,0.676017601760176,0.4482948294829483,0.5143014301430143,0.34543454345434543,0.5440044004400441,0.9433443344334433,0.676017601760176,0.6578657865786579,1.0,0.5968096809680968,0.44774477447744776,0.29042904290429045,0.46424642464246424,0.9163916391639164,0.14246424642464248,1.0,0.5066006600660066,0.6138613861386139,0.3217821782178218,0.7733773377337734,1.0,0.8146314631463146,0.8096809680968097,1.0,0.658965896589659,0.7887788778877888,1.0,1.0,0.0,0.5555555555555556,0.0,0.4053905390539054,0.5324532453245324,1.0,0.5440044004400441,0.43564356435643564,0.5368536853685368
0.8829844337090714,0.487385936661299,0.3403113258185722,0.0,0.13365539452495975,0.37412775093934514,0.2533548040794418,0.3075684380032206,[0.57487923],0.6886741814278046,0.5018786902844874,0.428341384863124,0.6473429951690821,0.43800322061191627,0.10413311862587225,0.46967257112184646,0.5281803542673108,0.4213633923778851,0.6800858829844337,0.4567901234567901,0.5018786902844874,0.3553408480944713,0.5426731078904992,0.9433443344334433,0.6800858829844337,0.6564680622651637,1.0,0.5995705850778315,0.44605475040257647,0.2946859903381642,0.4659151905528717,0.9163916391639164,0.13955984970477725,1.0,0.5050993022007515,0.6172839506172839,0.32367149758454106,0.7750939345142244,1.0,0.8142780461621041,0.8105206655931294,1.0,0.6591519055287172,0.7922705314009661,1.0,1.0,0.0,0.5550187869028449,0.0,0.4015029522275899,0.5297906602254429,1.0,0.5426731078904992,0.4363929146537842,0.5340848094471283
0.8829844337090714,0.4887257472469848,0.3429470372312533,0.0,0.13529103303618248,0.37598321971683274,0.248557944415312,0.3036182485579444,[0.57367593],0.6916622968012586,0.5018353434714211,0.43104352385946515,0.6350288411116938,0.4404824331410593,0.10435238594651285,0.46984792868379655,0.5374934452018878,0.42317776612480335,0.6843209229155742,0.4509701101206083,0.513371788148925,0.3471421080230729,0.5406397482957525,0.9433443344334433,0.6843209229155742,0.6581017304667016,1.0,0.6025170424750917,0.4441531200839014,0.2994231777661248,0.46775039328788676,0.9163916391639164,0.13686418458311483,1.0,0.5044572627163083,0.6208704771893025,0.32564237021499737,0.7771368641845832,1.0,0.8138437336130048,0.8085998951232302,1.0,0.6570529627687467,0.7960146827477713,1.0,1.0,0.0,0.5506030414263241,0.0,0.4063974829575249,0.5264813843733613,1.0,0.5406397482957525,0.43838489774514944,0.5327739905610908
0.8829844337090714,0.48898001025115323,0.345463864684777,0.0,0.13736545361353153,0.3767298821117376,0.24397744746283956,0.2998462327011789,[0.57201435],0.6945156330087134,0.5017939518195798,0.43311122501281396,0.6237826755509995,0.4433623782675551,0.10456176319835982,0.4715530497180933,0.5253716043054844,0.4228600717580728,0.6883649410558688,0.4454126089185033,0.5017939518195798,0.3567401332649923,0.5386981035366478,0.9433443344334433,0.6883649410558688,0.6586365966171194,1.0,0.5889287544848796,0.442337262942081,0.3044592516658124,0.469502819067145,0.9163916391639164,0.13429010763710916,1.0,0.5033316248077909,0.6242952332137366,0.32752434648898,0.779087647360328,1.0,0.8139415684264479,0.8098411071245515,1.0,0.6560738083034341,0.7995899538698104,1.0,1.0,0.0,0.5474115838031779,0.0,0.40235776524859046,0.5248590466427473,1.0,0.5386981035366478,0.44131214761660686,0.5284469502819067
0.8829844337090714,0.48972431077694234,0.34786967418546366,0.0,0.13884711779448622,0.3774436090225564,0.23959899749373434,0.31528822055137845,[0.56892231],0.6972431077694236,0.5017543859649123,0.43659147869674186,0.6120300751879699,0.4456140350877193,0.10476190476190476,0.47218045112781953,0.5182957393483709,0.4245614035087719,0.6922305764411028,0.4531328320802005,0.512781954887218,0.34887218045112783,0.5368421052631579,0.9433443344334433,0.6922305764411028,0.656140350877193,1.0,0.5919799498746867,0.44110275689223055,0.3092731829573935,0.47117794486215536,0.9163916391639164,0.1318295739348371,1.0,0.5032581453634085,0.6275689223057644,0.3293233082706767,0.780952380952381,1.0,0.8140350877192982,0.8115288220551379,1.0,0.6571428571428571,0.8030075187969925,1.0,1.0,0.0,0.5468671679197995,0.0,0.4055137844611529,0.5238095238095238,1.0,0.5368421052631579,0.44411027568922307,0.5233082706766917
0.8829844337090714,0.49092692496321727,0.34968121628249144,0.0,0.13977439921530163,0.37763609612555177,0.23589995095635116,0.3114271701814615,[0.5698872],0.7003433055419324,0.5017165277096616,0.43795978420794507,0.6204021579205493,0.4482589504659147,0.1049534085335949,0.4737616478666013,0.5188818048062775,0.4252084355076018,0.6959293771456596,0.44776851397743994,0.5017165277096616,0.358018636586562,0.5350662089259441,0.9433443344334433,0.6959293771456596,0.6552231486022561,1.0,0.5953898970083374,0.43992153016184404,0.31338891613536046,0.4727807748896518,0.9163916391639164,0.12947523295733201,1.0,0.5022069641981364,0.6307013241785189,0.3310446297204512,0.7827366356056891,1.0,0.8141245708680726,0.8097106424717999,1.0,0.657184894556155,0.8062775870524767,1.0,1.0,0.0,0.5458558116723884,0.0,0.40804315841098576,0.5247670426679745,1.0,0.5350662089259441,0.44678764100049045,0.521824423737126
0.8829844337090714,0.4903938520653218,0.3520653218059558,0.0,0.14073006724303555,0.37992315081652256,0.23198847262247838,0.3078770413064361,[0.56820365],0.7031700288184438,0.5019212295869356,0.43756003842459174,0.6282420749279539,0.4505283381364073,0.10470701248799232,0.4755043227665706,0.5139289145052833,0.42795389048991356,0.6993275696445725,0.4548511047070125,0.5120076849183477,0.3506243996157541,0.5336215177713737,0.9433443344334433,0.6993275696445725,0.6575408261287223,1.0,0.5984630163304515,0.43756003842459174,0.3174831892411143,0.47406340057636887,0.9163916391639164,0.12728146013448607,1.0,0.49951969260326606,0.6340057636887608,0.33285302593659943,0.7843419788664745,1.0,0.8141245708680726,0.8093179634966379,1.0,0.6589817483189241,0.8097982708933718,1.0,1.0,0.0,0.5432276657060519,0.0,0.4164265129682997,0.5240153698366955,1.0,0.5336215177713737,0.44908741594620555,0.5196926032660903
0.8829844337090714,0.4912941176470588,0.3543529411764706,0.0,0.1416470588235294,0.37976470588235295,0.22823529411764706,0.3044705882352941,[0.56752941],0.7058823529411765,0.5021176470588236,0.4390588235294118,0.6357647058823529,0.45223529411764707,0.10447058823529412,0.47623529411764703,0.5209411764705882,0.43058823529411766,0.7025882352941176,0.45035294117647057,0.5016470588235294,0.34352941176470586,0.5317647058823529,0.9433443344334433,0.7025882352941176,0.6564705882352941,1.0,0.6014117647058823,0.43623529411764705,0.32141176470588234,0.4752941176470588,0.9163916391639164,0.1251764705882353,1.0,0.4964705882352941,0.6371764705882353,0.3341176470588235,0.7858823529411765,1.0,0.8141245708680726,0.8075294117647058,1.0,0.6592941176470588,0.8131764705882353,1.0,1.0,0.0,0.5407058823529411,0.0,0.4244705882352941,0.52,1.0,0.5317647058823529,0.45129411764705885,0.5157647058823529
0.8829844337090714,0.488929889298893,0.35654981549815495,0.0,0.1429889298892989,0.37822878228782286,0.2246309963099631,0.3011992619926199,[0.56365314],0.7084870848708487,0.5023062730627307,0.4395756457564576,0.6429889298892989,0.45387453874538747,0.10424354243542436,0.4764760147601476,0.5253690036900369,0.43357933579335795,0.705719557195572,0.4460332103321033,0.5115313653136532,0.35239852398523985,0.5304428044280443,0.9433443344334433,0.705719557195572,0.6549815498154982,1.0,0.5894833948339483,0.4345018450184502,0.32518450184501846,0.4764760147601476,0.9163916391639164,0.1231549815498155,1.0,0.49538745387453875,0.6402214022140221,0.3353321033210332,0.7873616236162362,1.0,0.8141245708680726,0.8076568265682657,1.0,0.6595940959409594,0.816420664206642,1.0,1.0,0.0,0.5396678966789668,0.0,0.4202029520295203,0.522140221402214,1.0,0.5304428044280443,0.4534132841328413,0.5142988929889298
0.8829844337090714,0.4902758932609679,0.35866123925825416,0.0,0.14382632293080055,0.38037087290818633,0.22116689280868385,0.29805517865219355,[0.5608322],0.7109905020352781,0.5024875621890548,0.4427860696517413,0.649932157394844,0.4549977385798281,0.10402532790592492,0.4789687924016282,0.5314337403889643,0.4364540931705111,0.7087290818634102,0.4527363184079602,0.5015829941203076,0.34554500226142015,0.5291723202170964,0.9433443344334433,0.7087290818634102,0.655359565807327,1.0,0.5915875169606513,0.43419267299864317,0.32881049298959747,0.47761194029850745,0.9163916391639164,0.12121212121212122,1.0,0.4966078697421981,0.6431478968792401,0.33649932157394846,0.788783355947535,1.0,0.8141245708680726,0.8068747173224785,1.0,0.6612392582541836,0.819538670284939,1.0,1.0,0.0,0.5391225689733152,0.0,0.41655359565807326,0.5205789235639982,1.0,0.5291723202170964,0.4554500226142017,0.5106286748077793
0.8829844337090714,0.4880212954747116,0.36069210292812776,0.0,0.14463176574977818,0.3797692990239574,0.2178349600709849,0.3114463176574978,[0.55900621],0.7129547471162379,0.502661934338953,0.44498669032830523,0.6566104702750666,0.4569653948535936,0.10381543921916593,0.4782608695652174,0.5377107364685004,0.44143744454303463,0.7116237799467613,0.44853593611357584,0.5110913930789707,0.3535936113575865,0.5279503105590062,0.9433443344334433,0.7116237799467613,0.6557231588287489,1.0,0.593167701863354,0.432564330079858,0.33229813664596275,0.4787045252883762,0.9163916391639164,0.11934338952972494,1.0,0.49423247559893524,0.6455190771960958,0.33762200532386866,0.790150842945874,1.0,0.8141245708680726,0.8074534161490683,1.0,0.6632653061224489,0.8225377107364685,1.0,1.0,0.0,0.5394853593611357,0.0,0.42014196983141083,0.5186335403726708,1.0,0.5279503105590062,0.45740905057675246,0.5084294587400178
0.8829844337090714,0.48759251197213754,0.36264693077927734,0.0,0.1454070526774053,0.38310840226382237,0.21462777535916414,0.30822812363952984,[0.55158903],0.7152808010448412,0.5028297779712668,0.4453635176316935,0.6630387461906835,0.4584240313452329,0.10361340879407924,0.47845015237266,0.5333043099695255,0.44188071397474965,0.7144101001306051,0.4549412276882891,0.501523726599913,0.34697431432303005,0.5267740531127557,0.9433443344334433,0.7144101001306051,0.6582498911623857,1.0,0.5951240748802786,0.4318676534610361,0.33565520243796254,0.47975620374401395,0.9163916391639164,0.1175446234218546,1.0,0.4932520679146713,0.6482368306486722,0.3387026556377884,0.7914671310404876,1.0,0.8141245708680726,0.8093164997823248,1.0,0.6626033957335655,0.82542446669569,1.0,1.0,0.0,0.5398345668262952,0.0,0.4235959947757945,0.5193730953417501,1.0,0.5267740531127557,0.4592947322594689,0.5063125816282107
0.8829844337090714,0.48717948717948717,0.3645299145299145,0.0,0.14615384615384616,0.3841880341880342,0.21153846153846154,0.30512820512820515,[0.55],0.7175213675213675,0.502991452991453,0.44743589743589746,0.6692307692307692,0.4598290598290598,0.10341880341880341,0.47692307692307695,0.5376068376068376,0.44188034188034186,0.7170940170940171,0.45085470085470086,0.5106837606837606,0.35512820512820514,0.5247863247863248,0.9433443344334433,0.7170940170940171,0.6594017094017094,1.0,0.597008547008547,0.43034188034188037,0.3388888888888889,0.4811965811965812,0.9163916391639164,0.11581196581196582,1.0,0.49188034188034185,0.6508547008547009,0.33974358974358976,0.7927350427350427,1.0,0.8141245708680726,0.8085470085470086,1.0,0.6628205128205128,0.8282051282051283,1.0,1.0,0.0,0.5397435897435897,0.0,0.4307692307692308,0.5175213675213676,1.0,0.5247863247863248,0.46111111111111114,0.502991452991453
0.8829844337090714,0.4859420898027696,0.3663449433487201,0.0,0.1468736886277801,0.38396978598405374,0.20856063785144777,0.30214015946286193,[0.54846832],0.7196810742761225,0.5031472933277381,0.4494334872010071,0.6751993285774234,0.46076374318086444,0.10323122114981116,0.4771296684851028,0.5430130088124213,0.4443978178766261,0.7196810742761225,0.4469156525388166,0.5014687368862778,0.3487201007133865,0.5228703315148971,0.9433443344334433,0.7196810742761225,0.6605119597146454,1.0,0.5988250104909778,0.4297104490138481,0.3420058749475451,0.4825849769198489,0.9163916391639164,0.1141418380193034,1.0,0.4913973982375157,0.6533780948384389,0.34074695761644985,0.7939571968107427,1.0,0.8141245708680726,0.8090642047838859,1.0,0.6651279899286614,0.8308854385228703,1.0,1.0,0.0,0.5404951741502309,0.0,0.42719261435165756,0.5182543013008812,1.0,0.5228703315148971,0.46328157784305496,0.5014687368862778
0.8829844337090714,0.4851607584501237,0.36809563066776585,0.0,0.14756801319043694,0.38582028029678483,0.2056883759274526,0.29925803792250616,[0.54863974],0.7217642209398186,0.5032976092333058,0.45136026380873867,0.6809563066776587,0.4525968672712284,0.10305028854080792,0.47732893652102226,0.5478153338829349,0.4460016488046167,0.7221764220939819,0.45300906842539157,0.5103050288540808,0.3565539983511954,0.5210222588623248,0.9433443344334433,0.7221764220939819,0.6599340478153339,1.0,0.6005770816158286,0.42868920032976093,0.3450123660346249,0.4843363561417972,0.9163916391639164,0.11253091508656224,1.0,0.49134377576257215,0.6558120362737015,0.341714756801319,0.7951360263808739,1.0,0.8141245708680726,0.8091508656224238,1.0,0.6632316570486397,0.8334707337180544,1.0,1.0,0.0,0.5391591096455071,0.0,0.4237427864798021,0.5152514427040396,1.0,0.5210222588623248,0.46537510305028856,0.5
0.8829844337090714,0.48521668691778047,0.36978533819360065,0.0,0.1486431753746456,0.38517618469015796,0.20291616038882138,0.31146213041717297,[0.54637505],0.7233697853381936,0.5034426893479141,0.4507897934386391,0.6865127582017011,0.45484001620089104,0.10287565816119887,0.4754961522883759,0.5390846496557311,0.44552450384771164,0.724179829890644,0.44957472660996356,0.5014175779667882,0.3503442689347914,0.5196435803969218,0.9433443344334433,0.724179829890644,0.6597812879708383,1.0,0.5901174564601053,0.42729850141757797,0.34831915755366544,0.48562170919400566,0.9163916391639164,0.11097610368570271,1.0,0.4912920210611584,0.6577561765897124,0.3422438234102876,0.7962737950587282,1.0,0.8141245708680726,0.8100445524503848,1.0,0.66302146618064,0.8359659781287971,1.0,1.0,0.0,0.5378695828270554,0.0,0.4196030781692993,0.5119481571486432,1.0,0.5196435803969218,0.4669906844876468,0.5002025111381126
0.8829844337090714,0.4854639585822382,0.3715651135005974,0.0,0.14934289127837516,0.3866985264834727,0.19992035045798487,0.30864197530864196,[0.54400637],0.7252090800477897,0.5033851055356432,0.4512146555157308,0.6778176025487853,0.4472321784149741,0.1027479091995221,0.47710075667064916,0.5384309040223019,0.4472321784149741,0.7260055754679411,0.4555953803265631,0.5097570688968538,0.344484269215452,0.5181202708084428,0.9433443344334433,0.7260055754679411,0.6610911987256073,1.0,0.5921943448825169,0.42612504978096377,0.351652727996814,0.4870569494225408,0.9163916391639164,0.10951812027080844,1.0,0.49183592194344883,0.660294703305456,0.343289526085225,0.7972919155714855,1.0,0.8141245708680726,0.8100445524503848,1.0,0.661489446435683,0.8387096774193549,1.0,1.0,0.0,0.5364396654719236,0.0,0.4265232974910394,0.5093588211867782,1.0,0.5181202708084428,0.46833930704898447,0.49780963759458385
0.8829844337090714,0.4845280062671367,0.3732863298080689,0.0,0.1500195848021935,0.38425381903642775,0.19702311006658832,0.30552291421856637,[0.54249902],0.72698785742264,0.5033294163728946,0.45475910693301996,0.6690168429298864,0.44849197023110066,0.10262436349392871,0.47669408538973757,0.5295730513121818,0.4488836662749706,0.72777124951038,0.45240893066980026,0.5013709361535449,0.3521347434390913,0.5166470818644732,0.9433443344334433,0.72777124951038,0.6607912260086173,1.0,0.5942028985507246,0.42499020759890327,0.3552683117900509,0.48844496670583626,0.9163916391639164,0.10810810810810811,1.0,0.49236192714453586,0.6627497062279671,0.3439091265178222,0.7982765374069722,1.0,0.8141245708680726,0.8100445524503848,1.0,0.6619663141402272,0.8413631022326674,1.0,1.0,0.0,0.5338817077947513,0.0,0.42303172737955347,0.5080297688993342,1.0,0.5166470818644732,0.4700352526439483,0.49392871132001565
0.8829844337090714,0.48554913294797686,0.37495183044315994,0.0,0.15067437379576107,0.38497109826589593,0.19421965317919074,0.302504816955684,[0.54181118],0.7287090558766859,0.5032755298651252,0.4558766859344894,0.6601156069364161,0.4508670520231214,0.102504816955684,0.4770712909441233,0.5341040462427745,0.44701348747591524,0.7294797687861272,0.44932562620423894,0.5094412331406551,0.3464354527938343,0.5148362235067437,0.9433443344334433,0.7294797687861272,0.6593448940269749,1.0,0.5961464354527939,0.4238921001926782,0.35876685934489405,0.49017341040462425,0.9163916391639164,0.10674373795761079,1.0,0.4928709055876686,0.6651252408477842,0.3445086705202312,0.7996146435452793,1.0,0.8141245708680726,0.8100445524503848,1.0,0.6608863198458574,0.8439306358381503,1.0,1.0,0.0,0.5317919075144508,0.0,0.423121387283237,0.5090558766859344,1.0,0.5148362235067437,0.47167630057803467,0.49210019267822736
0.8829844337090714,0.4854000758437618,0.37656427758816835,0.0,0.15130830489192265,0.38604474781949183,0.19150549867273417,0.29958285930982176,[0.54152446],0.7303754266211604,0.50322335987865,0.45809632157755026,0.6514979142965491,0.4524080394387562,0.10238907849829351,0.47819491846795603,0.5278725824800911,0.447098976109215,0.7311338642396663,0.4550625711035267,0.5013272658323853,0.35381114903299204,0.5134622677284794,0.9433443344334433,0.7311338642396663,0.6579446340538491,1.0,0.5980280621918848,0.4235874099355328,0.3621539628365567,0.49146757679180886,0.9163916391639164,0.10542282897231703,1.0,0.49298445202882063,0.6674251042851725,0.3450891164201744,0.800910125142207,1.0,0.8141245708680726,0.8100445524503848,1.0,0.6594615092908608,0.8464163822525598,1.0,1.0,0.0,0.5328024270003792,0.0,0.4197952218430034,0.5077739855896852,1.0,0.5134622677284794,0.4732650739476678,0.4888130451270383
0.8829844337090714,0.48376259798432253,0.37775289287047403,0.0,0.1515490854796566,0.38521836506159013,0.18924972004479285,0.3105636431504293,[0.54050019],0.7316162747293766,0.5031728256812243,0.4587532661440836,0.6431504292646509,0.45390070921985815,0.1022769690182904,0.47779022023142964,0.5296752519596865,0.4483016050765211,0.7327360955580441,0.45203434117207913,0.5091452034341172,0.3482642777155655,0.511384845091452,0.9433443344334433,0.7327360955580441,0.6565882792086599,1.0,0.5994774169466218,0.4221724524076148,0.3654348637551325,0.49346771183277344,0.9163916391639164,0.10414333706606943,1.0,0.49458753266144084,0.6689063083240014,0.3456513624486749,0.8021649869354237,1.0,0.8141245708680726,0.8100445524503848,1.0,0.6588279208659947,0.8484509145203434,1.0,1.0,0.0,0.5307950727883539,0.0,0.425531914893617,0.5072788353863382,1.0,0.511384845091452,0.47555057857409483,0.48824188129899215
0.8829844337090714,0.48511576626240355,0.3789048144064682,0.0,0.1517824329290702,0.3873575891216465,0.1870635795663359,0.30760749724366043,[0.53877251],0.7331863285556781,0.5031238515251746,0.45865490628445427,0.6350606394707828,0.44689452407203234,0.10216832047041528,0.4755604557148107,0.5251745681734656,0.45056964351341416,0.7342888643880926,0.4490995957368614,0.5012862918044837,0.35501653803748623,0.5093715545755237,0.9433443344334433,0.7342888643880926,0.6589489158397648,1.0,0.6012495406100699,0.4219037118706358,0.36824696802646084,0.4954061006982727,0.9163916391639164,0.10290334435869165,1.0,0.4928335170893054,0.6707092980521867,0.3461962513781698,0.8033811098860713,1.0,0.8141245708680726,0.8100445524503848,1.0,0.6582138919514884,0.850422638735759,1.0,1.0,0.0,0.5303197353914002,0.0,0.4310915104740904,0.5056964351341419,1.0,0.5093715545755237,0.47776552737963984,0.48732083792723263
0.8829844337090714,0.48389431777053926,0.3800217155266015,0.0,0.1523706116539993,0.3894317770539269,0.1849439015562794,0.3047412233079986,[0.53782121],0.7347086500180963,0.5030763662685487,0.4596453130655085,0.6279406442272891,0.4491494752081071,0.10206297502714441,0.47484618168657255,0.5276872964169381,0.45095910242490045,0.7357944263481723,0.45421643141512846,0.5088671733622874,0.3496199782844734,0.50814332247557,0.9433443344334433,0.7357944263481723,0.6594281577994933,1.0,0.5921100253347811,0.4216431415128484,0.3709735794426348,0.49656170828809265,0.9163916391639164,0.10170104958378574,1.0,0.49185667752442996,0.6724574737604053,0.34672457473760404,0.8041983351429606,1.0,0.8141245708680726,0.8100445524503848,1.0,0.6590662323561346,0.8523344191096635,1.0,1.0,0.0,0.5291349981903728,0.0,0.4364820846905538,0.5052479189287007,1.0,0.50814332247557,0.4791892870068766,0.48534201954397393
0.8829844337090714,0.4855614973262032,0.38110516934046346,0.0,0.15258467023172906,0.39037433155080214,0.18288770053475936,0.30196078431372547,[0.53582888],0.7361853832442068,0.503030303030303,0.46024955436720144,0.6206773618538325,0.45062388591800356,0.10196078431372549,0.4737967914438503,0.5301247771836007,0.45204991087344026,0.7372549019607844,0.45133689839572194,0.5012477718360071,0.35614973262032085,0.5065953654188948,0.9433443344334433,0.7372549019607844,0.6570409982174688,1.0,0.593939393939394,0.4221033868092692,0.37361853832442066,0.4980392156862745,0.9163916391639164,0.10053475935828877,1.0,0.4919786096256685,0.6741532976827095,0.34723707664884135,0.8049910873440285,1.0,0.8141245708680726,0.8100445524503848,1.0,0.6577540106951871,0.8541889483065954,1.0,1.0,0.0,0.528698752228164,0.0,0.44171122994652406,0.503030303030303,1.0,0.5065953654188948,0.4809269162210339,0.4837789661319073
0.8829844337090714,0.48436951176677207,0.38215665612925886,0.0,0.15279241306638566,0.39199157007376184,0.18089216719353707,0.2992623814541623,[0.53389533],0.7376185458377239,0.5029855988760098,0.46153846153846156,0.6136283807516684,0.45135230066736914,0.10221285563751317,0.47383210396909026,0.5240604144713734,0.45170354759395853,0.7386722866174921,0.44854232525465404,0.5086055497014401,0.35089567966280294,0.5050930804355462,0.9433443344334433,0.7386722866174921,0.657182999648753,1.0,0.5957147874956095,0.4204425711275026,0.3761854583772392,0.4994731296101159,0.9163916391639164,0.09940288022479803,1.0,0.49209694415173866,0.6757990867579908,0.34773445732349845,0.8057604495960661,1.0,0.8141245708680726,0.8100445524503848,1.0,0.6568317527221637,0.8559887600983491,1.0,1.0,0.0,0.5265191429574991,0.0,0.4446786090621707,0.5015806111696522,1.0,0.5050930804355462,0.4822620302072357,0.48296452406041446
0.8829844337090714,0.48425060574593287,0.38317757009345793,0.0,0.15299411561093804,0.39217722395292487,0.1789546555901696,0.3094496365524403,[0.53167186],0.7386638975424022,0.5029421945309795,0.4607130494980962,0.619245413637937,0.453097957770855,0.10211145725164417,0.47317410868812737,0.5264797507788161,0.45240567670474213,0.7400484596746278,0.4534440983039114,0.5012114918656975,0.34579439252336447,0.503288335064036,0.9433443344334433,0.7400484596746278,0.656282450674974,1.0,0.5970924195223261,0.41986846659743854,0.3786777431637245,0.5008653513326411,0.9163916391639164,0.09830391138802354,1.0,0.49255797853928696,0.6770508826583593,0.34821737625475946,0.8065074420214607,1.0,0.8141245708680726,0.8100445524503848,1.0,0.6576670128071997,0.857736240913811,1.0,1.0,0.0,0.5264797507788161,0.0,0.44963655244029077,0.5019037729318103,1.0,0.503288335064036,0.48355832467982,0.4818276220145379
0.8829844337090714,0.48345274650290004,0.38416922552030025,0.0,0.1531900375298533,0.390992835209826,0.17707267144319344,0.3067212555441829,[0.53053565],0.7400204708290685,0.5029000341180484,0.4619583759808939,0.6247014670760832,0.44660525417946095,0.10167178437393382,0.47355851245308767,0.5223473217331969,0.45445240532241554,0.7413851927669737,0.4503582395087001,0.508358921869669,0.35209825997952915,0.501194131695667,0.9433443344334433,0.7413851927669737,0.6581371545547595,1.0,0.5987717502558854,0.4186284544524053,0.38109860116001365,0.5029000341180484,0.9163916391639164,0.09723643807574207,1.0,0.4916410781303309,0.6786079836233367,0.3490276356192426,0.8072330262708973,1.0,0.8141245708680726,0.8100445524503848,1.0,0.6591606960081884,0.8594336403957694,1.0,1.0,0.0,0.5243944046400546,0.0,0.44660525417946095,0.5032412146025247,1.0,0.501194131695667,0.48584100989423407,0.48072330262708973
0.8829844337090714,0.48301379078372014,0.3851328624285234,0.0,0.15338042381432895,0.3901782711066263,0.17524386141944165,0.30406996300033634,[0.53077699],0.74133871510259,0.5028590649175917,0.46182307433568787,0.6300033636057853,0.44870501177262023,0.10191725529767912,0.47426841574167505,0.5264043054154053,0.45644130507904473,0.7426841574167508,0.44735956945845945,0.5011772620248907,0.34712411705348134,0.49983181971072993,0.9433443344334433,0.7426841574167508,0.6585940127817019,1.0,0.6004036326942482,0.41876892028254287,0.3834510595358224,0.5042045072317525,0.9163916391639164,0.0961991254624958,1.0,0.4934409687184662,0.6801210898082745,0.3498150016818029,0.8079381096535486,1.0,0.8141245708680726,0.8100445524503848,1.0,0.6579212916246215,0.8610830810628994,1.0,1.0,0.0,0.5233770602085436,0.0,0.4436596030945173,0.5028590649175917,1.0,0.49983181971072993,0.4873864783047427,0.4803229061553986
0.8829844337090714,0.4822553897180763,0.38606965174129354,0.0,0.15389718076285241,0.39237147595356553,0.17346600331674958,0.30149253731343284,[0.52968491],0.742620232172471,0.5028192371475954,0.46301824212271975,0.6351575456053068,0.4500829187396352,0.10182421227197347,0.4739635157545605,0.5207296849087893,0.4590381426202322,0.7439469320066335,0.4520729684908789,0.5081260364842455,0.35323383084577115,0.49850746268656715,0.9433443344334433,0.7439469320066335,0.6580431177446103,1.0,0.5920398009950248,0.41890547263681593,0.38606965174129354,0.5054726368159204,0.9163916391639164,0.09519071310116087,1.0,0.4932006633499171,0.681592039800995,0.34991708126036486,0.8086235489220563,1.0,0.8141245708680726,0.8100445524503848,1.0,0.6577114427860696,0.8626865671641791,1.0,1.0,0.0,0.5220563847429519,0.0,0.448424543946932,0.5024875621890548,1.0,0.49850746268656715,0.4888888888888889,0.4792703150912106
0.8829844337090714,0.48249918220477594,0.3869807000327118,0.0,0.15407262021589793,0.39057899901864573,0.1717369970559372,0.2989859339221459,[0.52960419],0.7438665358194309,0.5031076218514884,0.46450768727510633,0.6401701014066078,0.45076872751063135,0.10173372587504088,0.4736669937847563,0.524697415767092,0.4599280340202813,0.7451750081779522,0.4497873732417403,0.5011449133137063,0.34838076545632973,0.497219496238142,0.9433443344334433,0.7451750081779522,0.6571802420673863,1.0,0.5937193326790972,0.4177298004579653,0.3886162904808636,0.5067059208374223,0.9163916391639164,0.09421000981354269,1.0,0.492639842983317,0.6830225711481845,0.3500163559044815,0.8092901537455022,1.0,0.8141245708680726,0.8100445524503848,1.0,0.6588158325155381,0.864245992803402,1.0,1.0,0.0,0.5197906444226366,0.0,0.45305855413804386,0.5021262675825973,1.0,0.497219496238142,0.49035001635590447,0.4766110565914295
0.8829844337090714,0.4846724749919329,0.3878670538883511,0.0,0.154243304291707,0.39012584704743464,0.17005485640529203,0.308486608583414,[0.52888028],0.744756373023556,0.5030655050016134,0.4662794449822523,0.6450467892868668,0.4530493707647628,0.10164569215876089,0.4749919328815747,0.5208131655372701,0.46143917392707323,0.7463697967086157,0.4543401097128106,0.5079057760567925,0.35398515650209744,0.49564375605033884,0.9433443344334433,0.7463697967086157,0.6579541787673443,1.0,0.5950306550500162,0.4178767344304614,0.3910939012584705,0.5082284607938045,0.9163916391639164,0.09325588899645047,1.0,0.4920942239432075,0.6840916424653114,0.3501129396579542,0.8099386898999678,1.0,0.8141245708680726,0.8100445524503848,1.0,0.6589222329783802,0.8657631494030332,1.0,1.0,0.0,0.5191997418522104,0.0,0.4494998386576315,0.5011293965795418,1.0,0.49564375605033884,0.49177153920619554,0.4762826718296225
0.8829844337090714,0.4836039477873289,0.38872970391595035,0.0,0.15440942375039796,0.38904807386182744,0.16841770136899076,0.30595351798790194,[0.527539],0.7459407831900668,0.5030245144858325,0.4680038204393505,0.6497930595351799,0.4539955428207577,0.10156001273479784,0.4759630690862783,0.5249920407513531,0.46163642152180834,0.7475326329194524,0.45208532314549504,0.5011142948105699,0.3492518306271888,0.4941101560012735,0.9433443344334433,0.7475326329194524,0.6574339382362305,1.0,0.5966252785737026,0.41770136899076726,0.39350525310410694,0.5097102833492518,0.9163916391639164,0.09232728430436167,1.0,0.4915631964342566,0.6854504934734161,0.3502069404648201,0.81056988220312,1.0,0.8141245708680726,0.8100445524503848,1.0,0.6596625278573702,0.8672397325692455,1.0,1.0,0.0,0.5198981216173193,0.0,0.44603629417383,0.49920407513530723,1.0,0.4941101560012735,0.4934734161095193,0.4769181789239096
0.8829844337090714,0.48224945020420984,0.38956958843858,0.0,0.15457115928369464,0.3892554194156456,0.16682375117813383,0.30348727615457116,[0.52780396],0.7470939365378574,0.5029846057178762,0.46999685830977067,0.6544140747722275,0.45617342130065974,0.10147659440779139,0.4750235626767201,0.5281181275526233,0.46088595664467485,0.748664781652529,0.45020420986490733,0.5076971410618913,0.3550109959158027,0.49261702796104306,0.9433443344334433,0.748664781652529,0.651272384542884,1.0,0.5981778196669808,0.4178448005026704,0.39585296889726673,0.511153000314169,0.9163916391639164,0.09142318567389256,1.0,0.49293119698397736,0.6867734841344644,0.3499842915488533,0.8111844172164625,1.0,0.8141245708680726,0.8100445524503848,1.0,0.6603832862079799,0.8557964184731386,1.0,1.0,0.0,0.5183788878416589,0.0,0.4505183788878417,0.4973295633050581,1.0,0.49261702796104306,0.49513038014451777,0.47722274583726043
0.8829844337090714,0.48186046511627906,0.3903875968992248,0.0,0.15472868217054264,0.38945736434108524,0.16527131782945736,0.3010852713178295,[0.52775194],0.7482170542635659,0.5029457364341086,0.4697674418604651,0.6589147286821705,0.4502325581395349,0.1013953488372093,0.47782945736434107,0.5342635658914728,0.46108527131782945,0.7497674418604651,0.4483720930232558,0.5010852713178294,0.35038759689922483,0.49116279069767443,0.9433443344334433,0.7497674418604651,0.6502325581395348,1.0,0.5996899224806201,0.41674418604651164,0.39813953488372095,0.5125581395348837,0.9163916391639164,0.09054263565891472,1.0,0.4917829457364341,0.688062015503876,0.3497674418604651,0.8117829457364341,1.0,0.8141245708680726,0.8100445524503848,1.0,0.6604651162790698,0.8446511627906976,1.0,1.0,0.0,0.5175193798449612,0.0,0.45488372093023255,0.4967441860465116,1.0,0.49116279069767443,0.4967441860465116,0.47751937984496123
0.8829844337090714,0.4817875726966636,0.39118457300275483,0.0,0.15488215488215487,0.38873584328129784,0.1637588001224365,0.29874502601775327,[0.52678298],0.7493112947658402,0.5029078665442301,0.470462197734925,0.6632996632996633,0.4524028160391797,0.10131619222528314,0.4793388429752066,0.5371900826446281,0.46250382614018976,0.7505356596265688,0.4527089072543618,0.507499234771962,0.3458830731558004,0.48974594429139884,0.9433443344334433,0.7505356596265688,0.6495255586164677,1.0,0.6011631466176921,0.41689623507805323,0.4003673094582185,0.5139271502907866,0.9163916391639164,0.08968472604836242,1.0,0.49127640036730946,0.6893174165901439,0.3495561677379859,0.8126721763085399,1.0,0.8141245708680726,0.8100445524503848,1.0,0.6596265687174778,0.8337924701561065,1.0,1.0,0.0,0.5154576063666972,0.0,0.4511784511784512,0.4964799510254056,1.0,0.48974594429139884,0.4983164983164983,0.4762779308233854
0.8829844337090714,0.48322756119673616,0.3919613176186159,0.0,0.15533393774554247,0.3889392565729828,0.16228467815049863,0.3076458144454518,[0.52644303],0.7500755515261408,0.5028709579933515,0.47023269870051376,0.6675732849803566,0.4536113629495316,0.10123904502870958,0.47990329404653975,0.5409489271683288,0.4635841644001209,0.7512843759443941,0.45119371411302506,0.5010577213659716,0.35116349350256876,0.4886672710788758,0.9433443344334433,0.7512843759443941,0.6497431248111212,1.0,0.5935327893623451,0.4167422181928075,0.40253853127833183,0.514959202175884,0.9163916391639164,0.08884859474161379,1.0,0.49259595043819887,0.690238742822605,0.34874584466606223,0.8135388334844363,1.0,0.8141245708680726,0.8100445524503848,1.0,0.6606225445754004,0.8232094288304623,1.0,1.0,0.0,0.5143547899667573,0.0,0.45542459957691145,0.4959202175883953,1.0,0.4886672710788758,0.499546690843155,0.4759746146872167
0.8829844337090714,0.4846314532975231,0.39271859146523425,0.0,0.15547597732020293,0.38943598925693823,0.1608475082065055,0.3049835869889585,[0.52700686],0.7511190689346464,0.5028349746344375,0.47120262608176666,0.660399880632647,0.4556848701880036,0.10116383169203223,0.48045359594151,0.5467024768725753,0.46493584004774696,0.7523127424649358,0.44971650253655626,0.5073112503730229,0.3467621605490898,0.4873172187406744,0.9433443344334433,0.7523127424649358,0.6505520740077588,1.0,0.5950462548492987,0.41569680692330646,0.40465532676812893,0.5165622202327663,0.9163916391639164,0.0880334228588481,1.0,0.4911966577141152,0.691435392420173,0.3476574156968069,0.8143837660399881,1.0,0.8141245708680726,0.8100445524503848,1.0,0.6598030438675022,0.8251268278125933,1.0,1.0,0.0,0.5132796180244703,0.0,0.4518054312145628,0.495076096687556,1.0,0.4873172187406744,0.5010444643390033,0.4759773202029245
0.8829844337090714,0.4831957547169811,0.3938679245283019,0.0,0.15566037735849056,0.3891509433962264,0.15919811320754718,0.30247641509433965,[0.5259434],0.7520636792452831,0.5026533018867925,0.4725825471698113,0.6530070754716981,0.4501768867924528,0.10112028301886793,0.4811320754716981,0.542747641509434,0.46432783018867924,0.7532429245283019,0.4540094339622642,0.5011792452830188,0.35229952830188677,0.4855542452830189,0.9433443344334433,0.7532429245283019,0.6500589622641509,1.0,0.5966981132075472,0.41479952830188677,0.4077240566037736,0.5182783018867925,0.9163916391639164,0.08726415094339622,1.0,0.49145047169811323,0.6928066037735849,0.3469929245283019,0.8143837660399881,1.0,0.8141245708680726,0.8100445524503848,1.0,0.6597877358490566,0.8151533018867925,1.0,1.0,0.0,0.5126768867924528,0.0,0.4522405660377358,0.4946933962264151,1.0,0.4855542452830189,0.5023584905660378,0.47582547169811323
0.8829844337090714,0.4825174825174825,0.3951048951048951,0.0,0.1558857808857809,0.38782051282051283,0.15734265734265734,0.30011655011655014,[0.52505828],0.752913752913753,0.5026223776223776,0.4729020979020979,0.6456876456876457,0.44493006993006995,0.10110722610722611,0.479020979020979,0.5457459207459208,0.46416083916083917,0.754079254079254,0.4525058275058275,0.506993006993007,0.3481934731934732,0.483974358974359,0.9433443344334433,0.754079254079254,0.6509324009324009,1.0,0.5984848484848485,0.4152097902097902,0.41083916083916083,0.5198135198135199,0.9163916391639164,0.08682983682983683,1.0,0.49184149184149184,0.6943473193473193,0.34644522144522144,0.8143837660399881,1.0,0.8141245708680726,0.8100445524503848,1.0,0.6585081585081585,0.8151533018867925,1.0,1.0,0.0,0.5107808857808858,0.0,0.4565850815850816,0.49504662004662003,1.0,0.483974358974359,0.504079254079254,0.4758158508158508
0.8829844337090714,0.48185483870967744,0.39631336405529954,0.0,0.15610599078341014,0.3859447004608295,0.15552995391705068,0.2978110599078341,[0.52246544],0.7537442396313364,0.5025921658986175,0.4732142857142857,0.6396889400921659,0.4398041474654378,0.10109447004608295,0.47839861751152074,0.5480990783410138,0.46543778801843316,0.7548963133640553,0.451036866359447,0.5011520737327189,0.35368663594470046,0.48243087557603687,0.9433443344334433,0.7548963133640553,0.6529377880184332,1.0,0.6002304147465438,0.4138824884792627,0.4138824884792627,0.5213133640552995,0.9163916391639164,0.08640552995391705,1.0,0.49164746543778803,0.695852534562212,0.3459101382488479,0.8143837660399881,1.0,0.8141245708680726,0.8100445524503848,1.0,0.6575460829493087,0.8151533018867925,1.0,1.0,0.0,0.5092165898617511,0.0,0.4608294930875576,0.4933755760368664,1.0,0.48243087557603687,0.5057603686635944,0.47465437788018433
0.8829844337090714,0.4814920273348519,0.39749430523917995,0.0,0.15660592255125286,0.3841116173120729,0.15375854214123008,0.30580865603644647,[0.52135535],0.7542710706150342,0.5025626423690205,0.47380410022779046,0.6343963553530751,0.4347949886104784,0.10108200455580865,0.4797835990888383,0.5441343963553531,0.4664009111617312,0.7556947608200456,0.4496013667425968,0.5068337129840547,0.34965831435079725,0.4809225512528474,0.9433443344334433,0.7556947608200456,0.6543280182232346,1.0,0.5933940774487472,0.41287015945330297,0.4168564920273349,0.5227790432801822,0.9163916391639164,0.08599088838268792,1.0,0.49174259681093396,0.6970387243735763,0.34538724373576307,0.8143837660399881,1.0,0.8141245708680726,0.8100445524503848,1.0,0.6585990888382688,0.8151533018867925,1.0,1.0,0.0,0.5076879271070615,0.0,0.46184510250569477,0.49060364464692485,1.0,0.4809225512528474,0.5074031890660592,0.4740888382687927
0.8829844337090714,0.4814189189189189,0.39864864864864863,0.0,0.15681306306306306,0.38457207207207206,0.15202702702702703,0.30349099099099097,[0.52111486],0.7550675675675675,0.5025337837837838,0.47466216216216217,0.6289414414414415,0.4369369369369369,0.10106981981981981,0.48057432432432434,0.5464527027027027,0.46621621621621623,0.7564752252252253,0.45382882882882886,0.5011261261261262,0.35501126126126126,0.4797297297297297,0.9433443344334433,0.7564752252252253,0.6545608108108109,1.0,0.5951576576576577,0.4124436936936937,0.419481981981982,0.5242117117117117,0.9163916391639164,0.08558558558558559,1.0,0.49155405405405406,0.6984797297297297,0.3448761261261261,0.8143837660399881,1.0,0.8141245708680726,0.8100445524503848,1.0,0.6582207207207207,0.8151533018867925,1.0,1.0,0.0,0.5073198198198198,0.0,0.4659346846846847,0.48873873873873874,1.0,0.4797297297297297,0.5087274774774775,0.47297297297297297
0.8829844337090714,0.48329621380846327,0.4000556792873051,0.0,0.15701559020044542,0.3830734966592428,0.15033407572383073,0.3012249443207127,[0.51948775],0.7558463251670379,0.5025055679287305,0.47466592427616927,0.6224944320712695,0.43207126948775054,0.10105790645879732,0.4799554565701559,0.5425946547884187,0.46547884187082406,0.7572383073496659,0.4523942093541203,0.5066815144766147,0.3510579064587973,0.4782850779510022,0.9433443344334433,0.7572383073496659,0.6556236080178174,1.0,0.5968819599109132,0.41174832962138086,0.4220489977728285,0.5256124721603563,0.9163916391639164,0.08518930957683742,1.0,0.4922048997772829,0.6998886414253898,0.3443763919821826,0.8143837660399881,1.0,0.8141245708680726,0.8100445524503848,1.0,0.6578507795100222,0.8151533018867925,1.0,1.0,0.0,0.5072383073496659,0.0,0.4671492204899777,0.48775055679287305,1.0,0.4782850779510022,0.5103006681514477,0.47188195991091314
0.8829844337090714,0.48320484581497797,0.401431718061674,0.0,0.15721365638766518,0.3827092511013216,0.1486784140969163,0.29873348017621143,[0.5189978],0.7566079295154186,0.5024779735682819,0.4743942731277533,0.6161894273127754,0.4341960352422907,0.10104625550660792,0.48045154185022027,0.5421255506607929,0.46530837004405284,0.7579845814977973,0.45126651982378857,0.501101321585903,0.34719162995594716,0.477147577092511,0.9433443344334433,0.7579845814977973,0.6563876651982379,1.0,0.598568281938326,0.41134361233480177,0.42455947136563876,0.5267070484581498,0.9163916391639164,0.08480176211453745,1.0,0.4914647577092511,0.7012665198237885,0.3438876651982379,0.8143837660399881,1.0,0.8141245708680726,0.8100445524503848,1.0,0.6572136563876652,0.8151533018867925,1.0,1.0,0.0,0.5071585903083701,0.0,0.47109030837004406,0.48816079295154186,1.0,0.477147577092511,0.5115638766519823,0.4705396475770925
0.8829844337090714,0.4850217864923747,0.4027777777777778,0.0,0.1574074074074074,0.3818082788671024,0.14705882352941177,0.30637254901960786,[0.51770153],0.7570806100217865,0.5024509803921569,0.4738562091503268,0.6113834422657952,0.4357298474945534,0.10103485838779956,0.4795751633986928,0.5449346405228758,0.4670479302832244,0.7587145969498911,0.45016339869281047,0.5065359477124183,0.352124183006536,0.4760348583877996,0.9433443344334433,0.7587145969498911,0.6560457516339869,1.0,0.5996732026143791,0.41149237472766886,0.42701525054466233,0.5280501089324618,0.9163916391639164,0.08442265795206971,1.0,0.48992374727668847,0.7023420479302832,0.3434095860566449,0.8143837660399881,1.0,0.8141245708680726,0.8100445524503848,1.0,0.6579520697167756,0.8151533018867925,1.0,1.0,0.0,0.5073529411764706,0.0,0.4749455337690632,0.4866557734204793,1.0,0.4760348583877996,0.5127995642701525,0.47058823529411764
0.8829844337090714,0.484375,0.4040948275862069,0.0,0.1575969827586207,0.3806573275862069,0.14547413793103448,0.30387931034482757,[0.51697198],0.7578125,0.5024245689655172,0.47521551724137934,0.6155711206896551,0.43723060344827586,0.10102370689655173,0.4787176724137931,0.5412176724137931,0.46794181034482757,0.7594288793103449,0.44908405172413796,0.5010775862068966,0.34832974137931033,0.47467672413793105,0.9433443344334433,0.7594288793103449,0.6567887931034483,1.0,0.6010237068965517,0.4105603448275862,0.42941810344827586,0.529364224137931,0.9163916391639164,0.08405172413793104,1.0,0.4894935344827586,0.7036637931034483,0.34294181034482757,0.8143837660399881,1.0,0.8141245708680726,0.8100445524503848,1.0,0.6567887931034483,0.8151533018867925,1.0,1.0,0.0,0.5086206896551724,0.0,0.47198275862068967,0.484375,1.0,0.47467672413793105,0.5142780172413793,0.4692887931034483
0.8829844337090714,0.4853411513859275,0.4051172707889126,0.0,0.15804904051172708,0.3797974413646055,0.1439232409381663,0.30143923240938164,[0.5151919],0.7585287846481876,0.5023987206823027,0.47707889125799574,0.6196695095948828,0.43256929637526653,0.10101279317697229,0.47841151385927505,0.5426439232409381,0.4698827292110874,0.7601279317697228,0.453091684434968,0.5063965884861408,0.35341151385927505,0.47334754797441364,0.9433443344334433,0.7601279317697228,0.6513859275053305,1.0,0.5946162046908315,0.410181236673774,0.4320362473347548,0.5306503198294243,0.9163916391639164,0.08368869936034115,1.0,0.4898720682302772,0.704957356076759,0.34248400852878463,0.8143837660399881,1.0,0.8141245708680726,0.8100445524503848,1.0,0.6567164179104478,0.8151533018867925,1.0,1.0,0.0,0.5087953091684435,0.0,0.47574626865671643,0.4853411513859275,1.0,0.47334754797441364,0.5157249466950959,0.46881663113006394
0.8829844337090714,0.4849683544303797,0.4061181434599156,0.0,0.15822784810126583,0.3792194092827004,0.14240506329113925,0.2990506329113924,[0.51450422],0.7592299578059072,0.502373417721519,0.47732067510548526,0.6236814345991561,0.43433544303797467,0.10100210970464135,0.47811181434599154,0.5392932489451476,0.4704641350210971,0.7608122362869199,0.4520042194092827,0.5010548523206751,0.34968354430379744,0.4723101265822785,0.9433443344334433,0.7608122362869199,0.6518987341772152,1.0,0.5959915611814346,0.4098101265822785,0.43433544303797467,0.5316455696202531,0.9163916391639164,0.08333333333333333,1.0,0.4889240506329114,0.7062236286919831,0.3420358649789029,0.8143837660399881,1.0,0.8141245708680726,0.8100445524503848,1.0,0.6571729957805907,0.8151533018867925,1.0,1.0,0.0,0.5092299578059072,0.0,0.475210970464135,0.4854957805907173,1.0,0.4723101265822785,0.5168776371308017,0.4694092827004219
0.8829844337090714,0.4856471816283925,0.407098121085595,0.0,0.15840292275574114,0.3770876826722338,0.1409185803757829,0.30636743215031315,[0.5138309],0.7596555323590815,0.502348643006263,0.4772964509394572,0.6276096033402923,0.4355427974947808,0.10099164926931106,0.47781837160751567,0.5407098121085595,0.4702505219206681,0.761482254697286,0.4509394572025052,0.5062630480167014,0.354384133611691,0.471294363256785,0.9433443344334433,0.761482254697286,0.6508350730688935,1.0,0.5970772442588727,0.40840292275574114,0.4365866388308977,0.5331419624217119,0.9163916391639164,0.08298538622129437,1.0,0.48851774530271397,0.7072025052192067,0.34159707724425886,0.8143837660399881,1.0,0.8141245708680726,0.8100445524503848,1.0,0.6565762004175365,0.8151533018867925,1.0,1.0,0.0,0.5088726513569938,0.0,0.47573068893528186,0.4846033402922756,1.0,0.471294363256785,0.5180062630480167,0.4694676409185804
0.8829844337090714,0.4855371900826446,0.4080578512396694,0.0,0.15857438016528927,0.3762913223140496,0.13946280991735538,0.3039772727272727,[0.51342975],0.7603305785123967,0.5023243801652892,0.47701446280991733,0.6314566115702479,0.4375,0.10098140495867769,0.4775309917355372,0.5361570247933884,0.47236570247933884,0.7621384297520661,0.44989669421487605,0.5010330578512396,0.3507231404958678,0.4700413223140496,0.9433443344334433,0.7621384297520661,0.6508264462809917,1.0,0.5983987603305785,0.4072830578512397,0.4387913223140496,0.5346074380165289,0.9163916391639164,0.08264462809917356,1.0,0.48579545454545453,0.7084194214876033,0.34116735537190085,0.8143837660399881,1.0,0.8141245708680726,0.8100445524503848,1.0,0.65625,0.8151533018867925,1.0,1.0,0.0,0.5090392561983471,0.0,0.4759814049586777,0.484504132231405,1.0,0.4700413223140496,0.5196280991735537,0.4697830578512397
0.8829844337090714,0.48619631901840493,0.40899795501022496,0.0,0.15874233128834356,0.37423312883435583,0.13803680981595093,0.3016359918200409,[0.51329243],0.7609918200408998,0.5023006134969326,0.47673824130879344,0.6352249488752556,0.4330265848670757,0.10097137014314929,0.4775051124744376,0.5388548057259713,0.4723926380368098,0.7627811860940695,0.4537321063394683,0.5061349693251533,0.34713701431492844,0.46855828220858897,0.9433443344334433,0.7627811860940695,0.6513292433537833,1.0,0.5996932515337423,0.407719836400818,0.44120654396728015,0.536042944785276,0.9163916391639164,0.08231083844580778,1.0,0.48619631901840493,0.7096114519427403,0.3407464212678937,0.8143837660399881,1.0,0.8141245708680726,0.8100445524503848,1.0,0.6569529652351738,0.8151533018867925,1.0,1.0,0.0,0.5079243353783232,0.0,0.4762269938650307,0.4838957055214724,1.0,0.46855828220858897,0.5212167689161554,0.4700920245398773
0.8829844337090714,0.4873481781376518,0.409919028340081,0.0,0.15890688259109312,0.37398785425101216,0.13663967611336034,0.2993421052631579,[0.51214575],0.7616396761133604,0.5022773279352226,0.4769736842105263,0.638917004048583,0.43446356275303644,0.10096153846153846,0.4774797570850202,0.5334008097165992,0.4729251012145749,0.7634109311740891,0.4526821862348178,0.5010121457489879,0.3519736842105263,0.4673582995951417,0.9433443344334433,0.7634109311740891,0.6467611336032388,1.0,0.6009615384615384,0.40713562753036436,0.4433198380566802,0.5371963562753036,0.9163916391639164,0.08198380566801619,1.0,0.48633603238866396,0.7107793522267206,0.340334008097166,0.8143837660399881,1.0,0.8141245708680726,0.8100445524503848,1.0,0.6566295546558705,0.8151533018867925,1.0,1.0,0.0,0.5058198380566802,0.0,0.4797570850202429,0.4832995951417004,1.0,0.4673582995951417,0.5225202429149798,0.46963562753036436
0.8829844337090714,0.4874749498997996,0.41082164328657317,0.0,0.1593186372745491,0.3719939879759519,0.13527054108216433,0.3063627254509018,[0.51127255],0.7620240480961924,0.502254509018036,0.4767034068136273,0.6425350701402806,0.436372745490982,0.10095190380761523,0.47720440881763526,0.5340681362725451,0.47319639278557113,0.7640280561122245,0.45165330661322645,0.5060120240480962,0.34844689378757515,0.4661823647294589,0.9433443344334433,0.7640280561122245,0.6465430861723447,1.0,0.594939879759519,0.406312625250501,0.4453907815631262,0.5383266533066132,0.9163916391639164,0.08166332665330661,1.0,0.4864729458917836,0.7116733466933868,0.3399298597194389,0.8143837660399881,1.0,0.8141245708680726,0.8100445524503848,1.0,0.6570641282565131,0.8151533018867925,1.0,1.0,0.0,0.5055110220440882,0.0,0.4767034068136273,0.48271543086172347,1.0,0.4661823647294589,0.5237975951903807,0.469188376753507
0.8829844337090714,0.48735119047619047,0.41195436507936506,0.0,0.15947420634920634,0.37028769841269843,0.13392857142857142,0.3040674603174603,[0.51240079],0.7626488095238095,0.5022321428571429,0.47693452380952384,0.6460813492063492,0.43874007936507936,0.10094246031746032,0.47693452380952384,0.5372023809523809,0.47371031746031744,0.7646329365079365,0.4506448412698413,0.5009920634920635,0.3531746031746032,0.46478174603174605,0.9433443344334433,0.7646329365079365,0.6458333333333334,1.0,0.5962301587301587,0.40649801587301587,0.44742063492063494,0.5396825396825397,0.9163916391639164,0.08134920634920635,1.0,0.4853670634920635,0.7127976190476191,0.3395337301587302,0.8143837660399881,1.0,0.8141245708680726,0.8100445524503848,1.0,0.6589781746031746,0.8151533018867925,1.0,1.0,0.0,0.5042162698412699,0.0,0.47668650793650796,0.4826388888888889,1.0,0.46478174603174605,0.5252976190476191,0.46850198412698413
0.8829844337090714,0.487475442043222,0.41281925343811393,0.0,0.15962671905697445,0.3705795677799607,0.13261296660117877,0.3018172888015717,[0.5120334],0.7632612966601179,0.5022102161100196,0.4769155206286837,0.6495579567779961,0.4344302554027505,0.10093320235756385,0.4766699410609037,0.5319253438113949,0.47445972495088407,0.7652259332023575,0.44965618860510803,0.5058939096267191,0.34970530451866405,0.46340864440078583,0.9433443344334433,0.7652259332023575,0.6414538310412574,1.0,0.5974950884086444,0.406188605108055,0.44965618860510803,0.5410117878192534,0.9163916391639164,0.08104125736738703,1.0,0.48477406679764246,0.7138998035363457,0.33914538310412573,0.8143837660399881,1.0,0.8141245708680726,0.8100445524503848,1.0,0.6581532416502947,0.8151533018867925,1.0,1.0,0.0,0.5027013752455796,0.0,0.4801080550098232,0.4823182711198428,1.0,0.46340864440078583,0.5267681728880157,0.4668467583497053
0.8829844337090714,0.4885700389105058,0.41366731517509725,0.0,0.15977626459143968,0.36964980544747084,0.13132295719844359,0.29961089494163423,[0.51167315],0.7638618677042801,0.5021887159533074,0.4773832684824903,0.6529669260700389,0.4357976653696498,0.10092412451361868,0.47543774319066145,0.5277237354085603,0.47495136186770426,0.765807392996109,0.45330739299610895,0.5009727626459144,0.3543287937743191,0.46230544747081714,0.9433443344334433,0.765807392996109,0.6403210116731517,1.0,0.5987354085603113,0.4053988326848249,0.45160505836575876,0.5420719844357976,0.9163916391639164,0.08073929961089495,1.0,0.48565175097276264,0.7149805447470817,0.33876459143968873,0.8143837660399881,1.0,0.8141245708680726,0.8100445524503848,1.0,0.6580739299610895,0.8151533018867925,1.0,1.0,0.0,0.5017023346303502,0.0,0.4807879377431907,0.48249027237354086,1.0,0.46230544747081714,0.5279669260700389,0.4659533073929961
0.8829844337090714,0.48747591522157996,0.4144990366088632,0.0,0.1599229287090559,0.3684971098265896,0.13005780346820808,0.3063583815028902,[0.51156069],0.7642100192678227,0.5021676300578035,0.47832369942196534,0.648121387283237,0.4373795761078998,0.10091522157996147,0.47567437379576105,0.5303468208092486,0.47471098265895956,0.7663776493256262,0.4523121387283237,0.5057803468208093,0.35091522157996147,0.46122350674373797,0.9433443344334433,0.7663776493256262,0.6399325626204239,1.0,0.5997109826589595,0.4048651252408478,0.4535163776493256,0.5433526011560693,0.9163916391639164,0.0804431599229287,1.0,0.48554913294797686,0.7157996146435452,0.3383911368015414,0.8143837660399881,1.0,0.8141245708680726,0.8100445524503848,1.0,0.6570327552986512,0.8151533018867925,1.0,1.0,0.0,0.5004816955684007,0.0,0.4780828516377649,0.4816955684007707,1.0,0.46122350674373797,0.529383429672447,0.4655587668593449
0.8829844337090714,0.4880725190839695,0.41531488549618323,0.0,0.16006679389312978,0.36688931297709926,0.12881679389312978,0.3041507633587786,[0.51121183],0.7647900763358778,0.5021469465648855,0.47876908396946566,0.6426526717557252,0.43320610687022904,0.10090648854961833,0.4749522900763359,0.5317270992366412,0.4749522900763359,0.7669370229007634,0.45133587786259544,0.5009541984732825,0.3475667938931298,0.4599236641221374,0.9433443344334433,0.7669370229007634,0.6400286259541985,1.0,0.6009064885496184,0.4041030534351145,0.4556297709923664,0.5446087786259542,0.9163916391639164,0.08015267175572519,1.0,0.4854484732824427,0.7168416030534351,0.33802480916030536,0.8143837660399881,1.0,0.8141245708680726,0.8100445524503848,1.0,0.6574427480916031,0.8151533018867925,1.0,1.0,0.0,0.4997614503816794,0.0,0.477337786259542,0.4830629770992366,1.0,0.4599236641221374,0.5307729007633588,0.4649332061068702
0.8829844337090714,0.48830063814701014,0.41621366107303237,0.0,0.16006679389312978,0.36563460174899554,0.1276294020326164,0.3020562514771922,[0.51028126],0.7655400614511936,0.502245332072796,0.47884660836681636,0.6379106594185772,0.43488536988891513,0.1009217679035689,0.47411959347671945,0.5346253840699599,0.4750649964547388,0.7676672181517372,0.4507208697707398,0.5055542424958639,0.3521626093122193,0.4587567950839045,0.9433443344334433,0.7676672181517372,0.6407468683526353,1.0,0.595367525407705,0.4039234223587804,0.4575750413613803,0.5457338690616875,0.9163916391639164,0.07988655164263768,1.0,0.4847553769794375,0.7180335618057196,0.33750886315291895,0.8143837660399881,1.0,0.8141245708680726,0.8100445524503848,1.0,0.658000472701489,0.8151533018867925,1.0,1.0,0.0,0.4989364216497282,0.0,0.4743559442212243,0.48286457102339875,1.0,0.4587567950839045,0.5320255258804065,0.4639565114630111
0.8829844337090714,0.48735362997658077,0.417096018735363,0.0,0.16006679389312978,0.36463700234192037,0.12646370023419204,0.3,[0.50983607],0.7662763466042155,0.5023419203747073,0.47962529274004684,0.6334894613583139,0.43723653395784545,0.10093676814988291,0.4740046838407494,0.5372365339578454,0.47634660421545666,0.768384074941452,0.45011709601873534,0.5009367681498829,0.35269320843091334,0.4576112412177986,0.9433443344334433,0.768384074941452,0.6416861826697893,1.0,0.5967213114754099,0.40421545667447306,0.4594847775175644,0.5468384074941453,0.9163916391639164,0.07962529274004684,1.0,0.4850117096018735,0.7192037470725995,0.3370023419203747,0.8143837660399881,1.0,0.8141245708680726,0.8100445524503848,1.0,0.6583138173302108,0.8151533018867925,1.0,1.0,0.0,0.49836065573770494,0.0,0.477751756440281,0.48149882903981267,1.0,0.4576112412177986,0.5332552693208431,0.4641686182669789
0.8829844337090714,0.4873520538407983,0.41796240427013226,0.0,0.16006679389312978,0.36388953353446274,0.12531909955906242,0.29798097006265956,[0.50893479],0.7667672313761894,0.502436760269204,0.48015780923648177,0.6289162218612206,0.43954513808308193,0.10095149686702251,0.47273149222557437,0.5323741007194245,0.4764446507310281,0.769087955442098,0.44952425156648873,0.5054537015548851,0.35321420283128335,0.45648642376421444,0.9433443344334433,0.769087955442098,0.6368066836853098,1.0,0.5980505917846368,0.4035739150614992,0.4613599443026224,0.5479229519610118,0.9163916391639164,0.07936876305407287,1.0,0.48456718496170803,0.7203527500580181,0.3365049895567417,0.8143837660399881,1.0,0.8141245708680726,0.8100445524503848,1.0,0.6583894174982594,0.8151533018867925,1.0,1.0,0.0,0.4980273845439777,0.0,0.4810860988628452,0.48015780923648177,1.0,0.45648642376421444,0.5344627523787422,0.46437688558830353
0.8829844337090714,0.48574057037718493,0.4188132474701012,0.0,0.16006679389312978,0.3624655013799448,0.12419503219871206,0.3042778288868445,[0.50873965],0.7672493100275989,0.5025298988040479,0.4809107635694572,0.624885004599816,0.4411223551057958,0.10096596136154554,0.4733210671573137,0.53081876724931,0.4770009199632015,0.7697792088316467,0.453081876724931,0.5009199632014719,0.3537258509659614,0.45538178472861085,0.9433443344334433,0.7697792088316467,0.6375344986200552,1.0,0.5991260349586016,0.4029438822447102,0.4632014719411224,0.5489880404783809,0.9163916391639164,0.07911683532658693,1.0,0.484590616375345,0.7212511499540019,0.3360165593376265,0.8143837660399881,1.0,0.8141245708680726,0.8100445524503848,1.0,0.6589236430542779,0.8151533018867925,1.0,1.0,0.0,0.4972401103955842,0.0,0.47838086476540936,0.4809107635694572,1.0,0.45538178472861085,0.5356485740570377,0.4632014719411224
0.8829844337090714,0.48598130841121495,0.41964896284476866,0.0,0.16006679389312978,0.36061089582858447,0.12309095053567358,0.3022566674264873,[0.5076362],0.7679507636197858,0.5026213813540005,0.4816503305219968,0.6204695691816732,0.4426715295190335,0.10098016868019148,0.4732163209482562,0.5336220651926146,0.47731935263277864,0.7704581718714384,0.44905402325051286,0.5053567358103488,0.3542284020971051,0.4542967859585138,0.9433443344334433,0.7704581718714384,0.6371096421244586,1.0,0.6004103031684522,0.40209710508320035,0.46501025757921133,0.5502621381354,0.9163916391639164,0.07886938682470937,1.0,0.4841577387736494,0.7223615226806473,0.33553681331205837,0.8143837660399881,1.0,0.8141245708680726,0.8100445524503848,1.0,0.6594483701846364,0.8151533018867925,1.0,1.0,0.0,0.4962388876225211,0.0,0.4816503305219968,0.47891497606564853,1.0,0.4542967859585138,0.5368133120583543,0.46409847276042854
0.8829844337090714,0.4859918662449164,0.4204699502937189,0.0,0.16006679389312978,0.35833709896068683,0.12200632625395391,0.30027112516945326,[0.50768188],0.7686398553999096,0.5027112516945323,0.482602801626751,0.6170356981473113,0.4444193402620877,0.1009941256213285,0.473791233619521,0.5363759602349751,0.47763217352010845,0.771125169453231,0.4525530953456846,0.5009037505648442,0.35472209670131044,0.45323090826931767,0.9433443344334433,0.771125169453231,0.6362403976502485,1.0,0.5951197469498418,0.4017171260732038,0.46678716674197923,0.5515137821961139,0.9163916391639164,0.07862629914143697,1.0,0.4841843651152282,0.7234523271577045,0.3350655219159512,0.8143837660399881,1.0,0.8141245708680726,0.8100445524503848,1.0,0.6586082241301401,0.8151533018867925,1.0,1.0,0.0,0.4948034342521464,0.0,0.4814731134206959,0.4780840488025305,1.0,0.45323090826931767,0.5381834613646633,0.46272028920018077
0.8829844337090714,0.48600223964165734,0.42127659574468085,0.0,0.16006679389312978,0.3563269876819709,0.12094064949608063,0.2983202687569989,[0.50683091],0.7693169092945129,0.5027995520716685,0.4826427771556551,0.612989921612542,0.44053751399776037,0.10100783874580067,0.47368421052631576,0.5339305711086226,0.4786114221724524,0.7717805151175812,0.451959686450168,0.5052631578947369,0.35520716685330345,0.451959686450168,0.9433443344334433,0.7717805151175812,0.6365061590145576,1.0,0.5964165733482643,0.4008958566629339,0.4687569988801792,0.5527435610302351,0.9163916391639164,0.07838745800671892,1.0,0.483538633818589,0.7245240761478163,0.3346024636058231,0.8143837660399881,1.0,0.8141245708680726,0.8100445524503848,1.0,0.6573348264277715,0.8151533018867925,1.0,1.0,0.0,0.49608062709966405,0.0,0.48174692049272116,0.4786114221724524,1.0,0.451959686450168,0.5395296752519597,0.46270996640537515
0.8829844337090714,0.48623445825932504,0.422291296625222,0.0,0.16006679389312978,0.35479573712255774,0.11989342806394317,0.3043960923623446,[0.5062167],0.7697602131438721,0.502886323268206,0.4826820603907638,0.6163410301953819,0.441607460035524,0.10102131438721136,0.4731349911190053,0.536190053285968,0.4789076376554174,0.7724245115452931,0.4480461811722913,0.5008880994671403,0.35568383658969804,0.4509325044404973,0.9433443344334433,0.7724245115452931,0.6369893428063943,1.0,0.5974689165186501,0.39986678507992895,0.47047069271758435,0.5537300177619894,0.9163916391639164,0.07815275310834814,1.0,0.483348134991119,0.7253552397868561,0.3341474245115453,0.8143837660399881,1.0,0.8141245708680726,0.8100445524503848,1.0,0.6571936056838366,0.8151533018867925,1.0,1.0,0.0,0.4953374777975133,0.0,0.47912966252220246,0.47824156305506216,1.0,0.4509325044404973,0.5406305506216696,0.4626998223801066
0.8829844337090714,0.4872302950242184,0.4229414354909731,0.0,0.16006679389312978,0.3522677234698371,0.11889035667107001,0.30273007485689124,[0.50660502],0.7705856450902686,0.5028621752531924,0.4826067811536768,0.619550858652576,0.4425363276089828,0.10102131438721136,0.47357992073976224,0.5389696169088507,0.47908410391897843,0.7732276530162924,0.4515631880228974,0.505063848524879,0.3560105680317041,0.45024218405988553,0.9433443344334433,0.7732276530162924,0.6378247468075737,1.0,0.598855129898723,0.3993835314839278,0.4715984147952444,0.5546014971378247,0.9163916391639164,0.07793923381770146,1.0,0.48282694848084545,0.726552179656539,0.3337736679876706,0.8143837660399881,1.0,0.8141245708680726,0.8100445524503848,1.0,0.6569793042712462,0.8151533018867925,1.0,1.0,0.0,0.4949361514751211,0.0,0.48018494055482164,0.47820343461030385,1.0,0.45024218405988553,0.5420519594892118,0.46279172170849847
